scanname,Scan005
-89.633681999999993,43
-87.037209000000004,43
-84.442466999999994,27
-81.849457000000001,109
-79.258171000000004,97
-76.668616999999998,80
-74.080794999999995,125
-71.494704999999996,63
-68.910338999999993,94
-66.327690000000004,76
-63.746769,105
-61.167563999999999,147
-58.590083999999997,113
-56.014316999999998,120
-53.440269000000001,139
-50.867942999999997,151
-48.297320999999997,180
-45.728416000000003,167
-43.161228000000001,176
-40.595737,202
-38.031959999999998,271
-35.469893999999996,243
-32.909526999999997,297
-30.35087,387
-27.793911000000001,431
-25.238658999999998,485
-22.685103999999999,612
-20.133248999999999,690
-17.583082000000001,814
-15.034618999999999,7315
-12.487850999999999,31438
-9.9427760000000003,39071
-7.3993909999999996,41564
-4.8576969999999999,45040
-2.3176920000000001,48551
0.22062599999999999,49413
2.7572589999999999,47729
5.2922130000000003,42448
7.8254780000000004,28717
10.357060000000001,14270
12.886963,6503
15.415184999999999,2535
17.94173,1577
20.466598999999999,1047
22.989802999999998,809
25.511323999999998,618
28.031172000000002,482
30.549348999999999,402
33.065852999999997,369
35.580696000000003,311
38.093876000000002,293
40.605389000000002,237
43.115223,243
45.623412999999999,213
48.129925,218
50.634791999999997,217
53.138004000000002,186
55.639541999999999,166
58.139439000000003,131
60.637664999999998,187
63.134253999999999,129
65.629181000000003,136
68.122459000000006,117
70.614081999999996,140
73.104079999999996,106
75.592421999999999,120
78.079109000000003,115
80.564162999999994,69
83.047554000000005,69
85.529335000000003,72
88.009452999999993,111
90.487953000000005,109
92.964798000000002,94
95.440017999999995,118
97.913605000000004,72
100.38555100000001,63
102.85586499999999,129
105.324547,77
107.791611,48
110.257042,111
112.720848,62
115.183037,78
117.643593,109
120.102524,91
122.559822,89
125.015533,78
127.469612,69
129.92205799999999,98
132.37292500000001,66
134.82212799999999,93
137.26973000000001,58
139.71577500000001,99
142.16017199999999,68
144.602936,-5
147.04411300000001,53
149.483688,71
151.921661,68
154.358047,103
156.79278600000001,113
159.22595200000001,104
161.65751599999999,82
164.087479,102
166.51586900000001,93
168.942612,126
171.367783,141
173.79136700000001,191
176.213379,206
178.63377399999999,254
181.05256700000001,294
183.46977200000001,327
185.885437,426
188.29946899999999,601
190.71196,655
193.122818,788
195.53211999999999,940
197.93985000000001,1137
200.346024,1357
202.75053399999999,1534
205.153549,1834
207.554947,2000
209.954803,2157
212.35308800000001,2458
214.749741,2547
217.144882,2798
219.53845200000001,2946
221.93045000000001,3143
224.32084699999999,3360
226.70970199999999,3465
229.09700000000001,3661
231.482742,3749
233.86691300000001,4022
236.24949599999999,4159
238.63056900000001,4353
241.01007100000001,4526
243.38803100000001,4754
245.76438899999999,4903
248.139206,5029
250.51251199999999,5139
252.88424699999999,5209
255.25443999999999,5271
257.62304699999999,5452
259.99017300000003,5438
262.355682,5505
264.719696,5514
267.08212300000002,5518
269.44302399999998,5596
271.80239899999998,5624
274.16021699999999,5471
276.51654100000002,5620
278.87124599999999,5634
281.22448700000001,5572
283.57617199999999,5588
285.926331,5617
288.27493299999998,5581
290.62197900000001,5629
292.96755999999999,5745
295.31158399999998,5638
297.65408300000001,5648
299.99505599999998,5547
302.33450299999998,5636
304.67242399999998,5629
307.00885,5578
309.34371900000002,5673
311.67706299999998,5598
314.00894199999999,5581
316.33923299999998,5595
318.66806000000003,5618
320.995361,5642
323.32113600000002,5655
325.64541600000001,5578
327.96816999999999,5616
330.28939800000001,5723
332.60913099999999,5593
334.927368,5514
337.24410999999998,5555
339.55935699999998,5593
341.87304699999999,5512
344.18524200000002,5512
346.49597199999999,5578
348.80517600000002,5529
351.11291499999999,5481
353.419128,5528
355.72384599999998,5465
358.02706899999998,5444
360.32879600000001,5456
362.62902800000001,5514
364.92773399999999,5580
367.22503699999999,5449
369.520782,5490
371.81509399999999,5481
374.10784899999999,5588
376.39913899999999,5436
378.688965,5531
380.97732500000001,5397
383.26416,5446
385.54956099999998,5503
387.83340500000003,5388
390.11584499999998,5461
392.39672899999999,5453
394.67623900000001,5473
396.95419299999998,5354
399.23074300000002,5383
401.50576799999999,5303
403.779358,5362
406.05148300000002,5386
408.322113,5388
410.59121699999997,5358
412.85891700000002,5377
415.12515300000001,5314
417.38992300000001,5320
419.65319799999997,5363
421.91503899999998,5344
424.175476,5303
426.43435699999998,5279
428.69189499999999,5265
430.94778400000001,5205
433.20236199999999,5217
435.455444,5174
437.70709199999999,5186
439.95727499999998,5277
442.20599399999998,5241
444.45333900000003,5214
446.69915800000001,5284
448.94354199999998,5204
451.18649299999998,5193
453.42794800000001,5146
455.66799900000001,5197
457.90661599999999,5204
460.14373799999998,5130
462.37951700000002,5163
464.61380000000003,5170
466.84661899999998,5158
469.078033,5202
471.30801400000001,5152
473.53649899999999,5194
475.76361100000003,5319
477.98928799999999,5544
480.21353099999999,6167
482.43637100000001,7212
484.65777600000001,8383
486.87768599999998,8858
489.09622200000001,8681
491.31332400000002,7689
493.528931,6552
495.74319500000001,5762
497.95602400000001,5348
500.167419,5170
502.377411,4974
504.58596799999998,4952
506.79315200000002,4945
508.99887100000001,4832
511.20318600000002,4825
513.40600600000005,4799
515.60754399999996,4734
517.80755599999998,4710
520.00622599999997,4749
522.20355199999995,4686
524.39935300000002,4742
526.59381099999996,4719
528.78686500000003,4632
530.97839399999998,4677
533.16851799999995,4645
535.35736099999997,4669
537.54486099999997,4633
539.73083499999996,4720
541.91540499999996,4635
544.09863299999995,4586
546.28045699999996,4591
548.46087599999998,4643
550.63989300000003,4558
552.81750499999998,4631
554.993652,4575
557.16857900000002,4550
559.34198000000004,4575
561.51403800000003,4568
563.68469200000004,4570
565.85400400000003,4512
568.02191200000004,4505
570.18841599999996,4458
572.35345500000005,4464
574.51721199999997,4482
576.67962599999998,4514
578.84057600000006,4514
581.00012200000003,4483
583.15844700000002,4472
585.315247,4495
587.47076400000003,4436
589.62481700000001,4465
591.77740500000004,4418
593.92877199999998,4384
596.07879600000001,4458
598.22735599999999,4420
600.37451199999998,4415
602.52038600000003,4513
604.66491699999995,4576
606.80798300000004,4548
608.94976799999995,4820
611.090149,4964
613.22918700000002,5115
615.36682099999996,5320
617.50305200000003,5552
619.63806199999999,5477
621.77160600000002,5299
623.90386999999998,5062
626.03472899999997,4835
628.16418499999997,4545
630.29235800000004,4380
632.41906700000004,4305
634.54455600000006,4292
636.66857900000002,4254
638.791382,4184
640.91272000000004,4174
643.03277600000001,4121
645.15148899999997,4138
647.26886000000002,4096
649.38482699999997,4153
651.49945100000002,4040
653.61273200000005,4019
655.72466999999995,4008
657.83526600000005,4084
659.94464100000005,3955
662.05249000000003,3986
664.15917999999999,4024
666.26446499999997,4020
668.36828600000001,3968
670.47088599999995,4022
672.57220500000005,4003
674.67218000000003,3973
676.77075200000002,4012
678.86798099999999,3912
680.96392800000001,3992
683.05847200000005,3950
685.15185499999995,3981
687.24377400000003,3946
689.33429000000001,3954
691.42364499999996,3935
693.51165800000001,3944
695.59826699999996,3969
697.68359399999997,3923
699.76763900000003,3976
701.85034199999996,3954
703.93176300000005,3913
706.01178000000004,3939
708.09045400000002,3978
710.16784700000005,3941
712.24401899999998,3952
714.318848,3852
716.39233400000001,3909
718.46447799999999,3860
720.53533900000002,3838
722.60485800000004,3895
724.67309599999999,3799
726.74005099999999,3845
728.80554199999995,3785
730.86999500000002,3803
732.93298300000004,3781
734.99468999999999,3809
737.05517599999996,3802
739.11425799999995,3883
741.17211899999995,3783
743.22863800000005,3773
745.28381300000001,3791
747.33758499999999,3768
749.39025900000001,3744
751.44158900000002,3795
753.49157700000001,3742
755.54046600000004,3829
757.58783000000005,3700
759.63397199999997,3708
761.67889400000001,3668
763.72247300000004,3712
765.76470900000004,3684
767.80572500000005,3745
769.84539800000005,3720
771.88385000000005,3700
773.92095900000004,3684
775.956909,3715
777.99145499999997,3695
780.02477999999996,3633
782.05676300000005,3720
784.08752400000003,3638
786.11694299999999,3594
788.145081,3622
790.17199700000003,3633
792.19775400000003,3595
794.22204599999998,3603
796.24511700000005,3646
798.26702899999998,3617
800.28753700000004,3561
802.30670199999997,3499
804.32476799999995,3531
806.34155299999998,3568
808.35693400000002,3553
810.37109399999997,3525
812.384094,3578
814.39575200000002,3509
816.40612799999997,3479
818.41528300000004,3565
820.42315699999995,3481
822.42980999999997,3497
824.43518100000006,3515
826.43933100000004,3538
828.44207800000004,3494
830.44366500000001,3446
832.44409199999996,3502
834.44305399999996,3474
836.44097899999997,3412
838.43756099999996,3444
840.43298300000004,3421
842.42687999999998,3451
844.41980000000001,3449
846.41131600000006,3421
848.401611,3428
850.39074700000003,3422
852.37854000000004,3406
854.36511199999995,3501
856.35046399999999,3412
858.334656,3439
860.31738299999995,3416
862.29907200000002,3352
864.27941899999996,3386
866.25854500000003,3387
868.23644999999999,3413
870.21307400000001,3399
872.18859899999995,3420
874.16272000000004,3394
876.13574200000005,3393
878.10736099999997,3362
880.07788100000005,3390
882.04705799999999,3395
884.01507600000002,3372
885.98193400000002,3304
887.94744900000001,3339
889.91180399999996,3437
891.87487799999997,3361
893.83685300000002,3440
895.79748500000005,3396
897.75695800000005,3383
899.71508800000004,3442
901.67205799999999,3390
903.62780799999996,3402
905.58239700000001,3374
907.53576699999996,3469
909.48785399999997,3430
911.43878199999995,3412
913.38836700000002,3507
915.33697500000005,3569
917.28417999999999,3549
919.23022500000002,3604
921.17504899999994,3605
923.118469,3917
925.06097399999999,4121
927.00207499999999,4645
928.942139,5371
930.88091999999995,6478
932.81848100000002,7647
934.75476100000003,9169
936.68994099999998,10553
938.62390100000005,10563.5
940.55658000000005,10574
942.488159,8871
944.41851799999995,6954
946.34765600000003,5407
948.27557400000001,4473
950.202271,3958
952.12786900000003,3685
954.05224599999997,3547
955.975281,3519
957.89721699999996,3451
959.817993,3487
961.73748799999998,3484
963.65594499999997,3510
965.57305899999994,3570
967.48913600000003,3702
969.40380900000002,3899
971.31744400000002,4139
973.22985800000004,4749
975.14105199999995,5204
977.05114700000001,5480
978.95989999999995,5451
980.86767599999996,5233
982.77404799999999,4783
984.67950399999995,4318
986.58349599999997,3891
988.48651099999995,3645
990.38818400000002,3431
992.28869599999996,3271
994.18823199999997,3212
996.086365,3100
997.98345900000004,3057
999.87927200000001,3129
1001.774048,3157
1003.66748,3078
1005.559937,2976
1007.450989,3054
1009.341003,3010
1011.229858,3034
1013.117432,2972
1015.0040279999999,2984
1016.889282,2933
1018.773499,2949
1020.656433,3011
1022.538269,2975
1024.418823,3007
1026.2982179999999,2966
1028.1767580000001,3038
1030.0538329999999,2966
1031.929932,2954
1033.8046879999999,2941
1035.678467,2937
1037.551025,2949
1039.4223629999999,3012
1041.2924800000001,2923
1043.161499,2941
1045.029419,3029
1046.896362,2978
1048.761841,2964
1050.626221,2949
1052.489624,3014
1054.3516850000001,2978
1056.212769,2995
1058.07251,2856
1059.931274,2958
1061.788818,2893
1063.6451420000001,2939
1065.5004879999999,2989
1067.3544919999999,2936
1069.2075199999999,2964
1071.0592039999999,2988
1072.9101559999999,2906
1074.759644,2942
1076.6079099999999,2922
1078.4552000000001,2868
1080.3013920000001,2853
1082.146362,2895
1083.990112,2901
1085.8328859999999,2839
1087.674438,2864
1089.514893,2790
1091.3542480000001,2812
1093.1923830000001,2762
1095.029297,2832
1096.8652340000001,2839
1098.700073,2780
1100.5336910000001,2778
1102.3663329999999,2782
1104.197754,2772
1106.0279539999999,2806
1107.8570560000001,2727
1109.6850589999999,2759
1111.5119629999999,2723
1113.337769,2723
1115.1623540000001,2783
1116.985962,2711
1118.8084719999999,2745
1120.6295170000001,2761
1122.4498289999999,2695
1124.2687989999999,2699
1126.0866699999999,2722
1127.903564,2730
1129.719116,2730
1131.533813,2681
1133.3472899999999,2704
1135.1595460000001,2692
1136.9708250000001,2669
1138.780884,2678
1140.5898440000001,2744
1142.3977050000001,2688
1144.2044679999999,2690
1146.010254,2710
1147.8149410000001,2700
1149.618164,2680
1151.420654,2704
1153.221802,2723
1155.022217,2709
1156.8211670000001,2645
1158.6188959999999,2716
1160.4160159999999,2754
1162.2116699999999,2742
1164.0063479999999,2677
1165.7998050000001,2597
1167.592163,2679
1169.3836670000001,2656
1171.1739500000001,2611
1172.963013,2639
1174.751221,2668
1176.5379640000001,2646
1178.3236079999999,2559
1180.1085210000001,2652
1181.892212,2615
1183.674927,2573
1185.4564210000001,2584
1187.2366939999999,2581
1189.0161129999999,2601
1190.794312,2550
1192.5714109999999,2581
1194.347168,2621
1196.122192,2662
1197.89624,2658
1199.669067,2598
1201.4407960000001,2667
1203.2114260000001,2618
1204.9808350000001,2596
1206.7493899999999,2579
1208.5167240000001,2603
1210.2829589999999,2627
1212.0482179999999,2612
1213.8122559999999,2635
1215.575317,2570
1217.337158,2583
1219.098389,2643
1220.8580320000001,2636
1222.6168210000001,2604
1224.3743899999999,2581
1226.130981,2599
1227.8865969999999,2577
1229.6411129999999,2605
1231.3945309999999,2652
1233.1467290000001,2550
1234.8980710000001,2553
1236.6483149999999,2643
1238.3973390000001,2601
1240.1453859999999,2605
1241.8923339999999,2549
1243.6383060000001,2593
1245.383057,2570
1247.126953,2587
1248.869751,2591
1250.611328,2613
1252.351807,2626
1254.0914310000001,2624
1255.829956,2649
1257.567139,2595
1259.3035890000001,2564
1261.0389399999999,2632
1262.7730710000001,2666
1264.50647,2622
1266.2386469999999,2608
1267.9697269999999,2621
1269.6995850000001,2679
1271.428711,2663
1273.1563719999999,2586
1274.8835449999999,2597
1276.6091309999999,2639
1278.3339840000001,2625
1280.0577390000001,2654
1281.7802730000001,2672
1283.501953,2654
1285.222534,2671
1286.9420170000001,2721
1288.6605219999999,2696
1290.378052,2720
1292.0943600000001,2804
1293.809692,2759
1295.5238039999999,2818
1297.237183,2768
1298.949341,2860
1300.6606449999999,2837
1302.3706050000001,2844
1304.079712,2796
1305.7879640000001,2823
1307.494751,2840
1309.2008060000001,2888
1310.9057620000001,2840
1312.609741,2787
1314.3126219999999,2797
1316.014404,2828
1317.715332,2796
1319.4149170000001,2770
1321.1137699999999,2685
1322.8115230000001,2738
1324.508057,2768
1326.2037350000001,2749
1327.8985600000001,2765
1329.591919,2697
1331.284668,2795
1332.9760739999999,2727
1334.666626,2793
1336.3560789999999,2786
1338.0445560000001,2785
1339.7320560000001,2787
1341.418457,2730
1343.1038820000001,2726
1344.7882079999999,2735
1346.471558,2746
1348.1538089999999,2759
1349.8352050000001,2739
1351.5155030000001,2758
1353.194702,2681
1354.873169,2804
1356.5501710000001,2737
1358.2265629999999,2685
1359.9017329999999,2716
1361.575928,2651
1363.2490230000001,2716
1364.921143,2706
1366.5922849999999,2643
1368.262573,2665
1369.9316409999999,2701
1371.599731,2588
1373.2669679999999,2592
1374.9331050000001,2656
1376.5981449999999,2615
1378.262207,2642
1379.9254149999999,2605
1381.5874020000001,2580
1383.248413,2572
1384.9085689999999,2557
1386.567505,2531
1388.2257079999999,2530
1389.8826899999999,2532
1391.5386960000001,2492
1393.193726,2548
1394.8477780000001,2495
1396.5008539999999,2492
1398.1529539999999,2515
1399.8039550000001,2508
1401.4541019999999,2520
1403.103149,2494
1404.7509769999999,2488
1406.398193,2506
1408.044189,2487
1409.689453,2495
1411.3336179999999,2471
1412.9765629999999,2421
1414.6186520000001,2453
1416.2597659999999,2451
1417.89978,2478
1419.5389399999999,2503
1421.177246,2478
1422.8142089999999,2478
1424.450562,2519
1426.0855710000001,2507
1427.7197269999999,2523
1429.3530270000001,2541
1430.9852289999999,2493
1432.6164550000001,2633
1434.2467039999999,2665
1435.8759769999999,2742
1437.50415,2725
1439.13147,2786
1440.7578129999999,2776
1442.3829350000001,2751
1444.007568,2708
1445.630737,2690
1447.2531739999999,2705
1448.874634,2681
1450.4951169999999,2743
1452.1145019999999,2688
1453.733154,2652
1455.3504640000001,2662
1456.9670410000001,2685
1458.5825199999999,2644
1460.197144,2617
1461.810913,2615
1463.4233400000001,2536
1465.0352780000001,2582
1466.645874,2536
1468.255615,2481
1469.86438,2435
1471.4720460000001,2441
1473.0789789999999,2472
1474.684814,2348
1476.289673,2351
1477.893677,2373
1479.496582,2366
1481.0985109999999,2345
1482.699707,2352
1484.2998050000001,2370
1485.8988039999999,2345
1487.496948,2335
1489.094116,2303
1490.6904300000001,2336
1492.2854,2401
1493.8797609999999,2307
1495.4732670000001,2334
1497.0656739999999,2280
1498.656982,2249
1500.247437,2353
1501.8370359999999,2323
1503.425659,2295
1505.0131839999999,2295
1506.599731,2331
1508.1854249999999,2326
1509.770264,2286
1511.354126,2204
1512.9368899999999,2230
1514.518677,2192
1516.0996090000001,2223
1517.6795649999999,2179
1519.2586670000001,2198
1520.836914,2252
1522.4139399999999,2149
1523.990112,2194
1525.565308,2179
1527.139893,2156
1528.7128909999999,2117
1530.2854,2089
1531.8570560000001,2147
1533.4273679999999,2152
1534.996948,2065
1536.5657960000001,2055
1538.133423,2151
1539.700073,2134
1541.2658690000001,2158
1542.830811,2106
1544.3945309999999,2087
1545.9576420000001,2051
1547.5196530000001,2094
1549.080933,2087
1550.640991,2145
1552.200317,2062
1553.7585449999999,2099
1555.3160399999999,2052
1556.872314,2067
1558.4277340000001,2087
1559.982544,2060
1561.5360109999999,2074
1563.088745,2095
1564.640625,2055
1566.1915280000001,2082
1567.7413329999999,2112
1569.290283,2040
1570.8386230000001,2031
1572.3854980000001,1998
1573.931763,2027
1575.4770510000001,2016
1577.0214840000001,2027
1578.564697,2043
1580.1072999999999,1964
1581.6489260000001,1983
1583.1895750000001,1968
1584.72937,1997
1586.2680660000001,1993
1587.8061520000001,2071
1589.3427730000001,1938
1590.8789059999999,1995
1592.4141850000001,1974
1593.948486,1916
1595.481567,1934
1597.0139160000001,1893
1598.5455320000001,1866
1600.075928,1954
1601.605591,1914
1603.1342770000001,1891
1604.662231,1854
1606.1888429999999,1892
1607.714966,1929
1609.240112,1841
1610.7642820000001,1830
1612.287231,1832
1613.809692,1877
1615.331177,1837
1616.8514399999999,1813
1618.3710940000001,1797
1619.889893,1816
1621.4075929999999,1831
1622.924438,1758
1624.4404300000001,1805
1625.9554439999999,1814
1627.4692379999999,1796
1628.9826660000001,1758
1630.4951169999999,1792
1632.006592,1712
1633.516846,1752
1635.026611,1785
1636.5354,1740
1638.0432129999999,1728
1639.5500489999999,1747
1641.05603,1725
1642.561279,1748
1644.065308,1741
1645.568726,1728
1647.0710449999999,1727
1648.57251,1771
1650.072876,1722
1651.572754,1690
1653.071655,1716
1654.5695800000001,1713
1656.0665280000001,1743
1657.5627440000001,1748
1659.0581050000001,1660
1660.5523679999999,1721
1662.045654,1657
1663.5383300000001,1698
1665.030029,1713
1666.5207519999999,1699
1668.01062,1642
1669.499634,1609
1670.9876710000001,1645
1672.4748540000001,1695
1673.9613039999999,1673
1675.446899,1605
1676.9311520000001,1660
1678.415039,1656
1679.897827,1639
1681.3797609999999,1615
1682.8604740000001,1622
1684.3408199999999,1654
1685.820068,1642
1687.2982179999999,1602
1688.775879,1630
1690.2524410000001,1656
1691.7282709999999,1669
1693.2030030000001,1653
1694.67688,1556
1696.150024,1625
1697.6220699999999,1648
1699.093384,1573
1700.5639650000001,1635
1702.033447,1593
1703.501953,1606
1704.9698490000001,1569
1706.4368899999999,1556
1707.9030760000001,1611
1709.368164,1610
1710.8323969999999,1575
1712.2958980000001,1596
1713.7583010000001,1598
1715.2200929999999,1571
1716.68103,1573
1718.140991,1579
1719.5998540000001,1499
1721.0581050000001,1553
1722.5155030000001,1547
1723.9716800000001,1473
1725.42749,1539
1726.882202,1501
1728.336182,1508
1729.7889399999999,1478
1731.241211,1491
1732.692505,1503
1734.1430660000001,1522
1735.5922849999999,1530
1737.0410159999999,1450
1738.4888920000001,1491
1739.935547,1478
1741.381836,1473
1742.8271480000001,1477
1744.2714840000001,1399
1745.7148440000001,1427
1747.157471,1428
1748.599365,1411
1750.0401609999999,1417
1751.4801030000001,1401
1752.9194339999999,1434
1754.357788,1440
1755.795044,1442
1757.231689,1377
1758.667725,1375
1760.102539,1385
1761.536499,1314
1762.9697269999999,1388
1764.4022219999999,1371
1765.833496,1386
1767.2641599999999,1345
1768.694092,1326
1770.1229249999999,1290
1771.5509030000001,1363
1772.9782709999999,1300
1774.404663,1321
1775.830078,1257
1777.254639,1317
1778.6788329999999,1286
1780.1015629999999,1308
1781.5238039999999,1302
1782.945068,1342
1784.365601,1279
1785.7852780000001,1255
1787.203857,1259
1788.621948,1303
1790.0389399999999,1225
1791.454956,1241
1792.8704829999999,1226
1794.2851559999999,1254
1795.6988530000001,1200
1797.1114500000001,1248
1798.5234379999999,1178
1799.934692,1167
1801.344971,1216
1802.7545170000001,1211
1804.1629640000001,1179
1805.5710449999999,1228
1806.977783,1214
1808.384033,1207
1809.7894289999999,1211
1811.19397,1163
1812.5972899999999,1182
1814.0002440000001,1191
1815.4022219999999,1193
1816.8032229999999,1128
1818.2033690000001,1177
1819.6030270000001,1186
1821.001587,1191
1822.3991699999999,1162
1823.7962649999999,1211
1825.1923830000001,1122
1826.587524,1231
1827.9820560000001,1165
1829.3758539999999,1140
1830.768677,1141
1832.1606449999999,1165
1833.5516359999999,1190
1834.9420170000001,1126
1836.331543,1179
1837.719971,1177
1839.1079099999999,1135
1840.4951169999999,1099
1841.8811040000001,1159
1843.266357,1134
1844.6511230000001,1130
1846.034668,1062
1847.4174800000001,1098
1848.799683,1095
1850.180908,1109
1851.5611570000001,1132
1852.9407960000001,1168
1854.319702,1109
1855.697754,1103
1857.0745850000001,1074
1858.450928,1100
1859.8266599999999,1103
1861.2014160000001,1067
1862.5749510000001,1087
1863.94812,1067
1865.3204350000001,1074
1866.6915280000001,1104
1868.0622559999999,1093
1869.432129,1122
1870.801025,1043
1872.169067,1040
1873.536499,1099
1874.903198,1094
1876.2689210000001,1083
1877.6335449999999,1053
1878.9976810000001,1000
1880.3610839999999,1075
1881.723389,1009
1883.0850829999999,1103
1884.445923,1062
1885.80603,1023
1887.1651609999999,1025
1888.5235600000001,1031
1889.881226,1052
1891.2376710000001,1053
1892.59375,1037
1893.9490969999999,1069
1895.303467,1006
1896.6568600000001,1064
1898.009644,1052
1899.3618160000001,1026
1900.7128909999999,1068
1902.0631100000001,1069
1903.41272,1036
1904.761475,1013
1906.1092530000001,1021
1907.456543,981
1908.802856,999
1910.1483149999999,1040
1911.4929199999999,1002
1912.836914,1067
1914.1801760000001,1023
1915.5223390000001,1023
1916.8638920000001,958
1918.204712,1021
1919.544678,1030
1920.883789,1007
1922.2220460000001,1002
1923.559692,998
1924.896362,976
1926.2320560000001,995
1927.567505,959
1928.9018550000001,944
1930.2353519999999,925
1931.5679929999999,969
1932.900269,942
1934.2314449999999,971
1935.5616460000001,948
1936.8912350000001,934
1938.2202150000001,926
1939.5479740000001,977
1940.875366,937
1942.201904,961
1943.527466,923
1944.8522949999999,961
1946.1763920000001,902
1947.4997559999999,942
1948.8222659999999,900
1950.1439210000001,892
1951.4648440000001,949
1952.7851559999999,946
1954.1042480000001,943
1955.4229740000001,987
1956.7407229999999,960
1958.0577390000001,901
1959.3739009999999,968
1960.6892089999999,889
1962.0039059999999,949
1963.317749,865
1964.6308590000001,916
1965.9433590000001,911
1967.2548830000001,928
1968.5654300000001,866
1969.8754879999999,915
1971.184692,922
1972.4930420000001,915
1973.800659,892
1975.107544,915
1976.4136960000001,948
1977.7186280000001,881
1979.0233149999999,897
1980.3272710000001,828
1981.6301269999999,909
1982.932251,847
1984.2335210000001,883
1985.5344239999999,813
1986.8339840000001,868
1988.1333010000001,896
1989.431763,863
1990.7292480000001,855
1992.0257570000001,860
1993.3217770000001,804
1994.6170649999999,876
1995.9117429999999,825
1997.205322,816
1998.498169,833
1999.7905270000001,843
2001.081543,832
2002.372437,826
2003.6621090000001,815
2004.9514160000001,819
2006.2392580000001,790
2007.5269780000001,856
2008.8139650000001,869
2010.0998540000001,791
2011.384888,797
2012.6694339999999,759
2013.9533690000001,724
2015.235962,770
2016.518311,826
2017.7998050000001,821
2019.0804439999999,772
2020.3602289999999,780
2021.6392820000001,732
2022.9178469999999,815
2024.1951899999999,758
2025.4720460000001,768
2026.7482910000001,745
2028.023682,773
2029.298096,722
2030.5717770000001,702
2031.8452150000001,748
2033.1173100000001,734
2034.388794,724
2035.6595460000001,759
2036.9296879999999,735
2038.1986079999999,712
2039.4674070000001,689
2040.7349850000001,694
2042.002197,785
2043.268188,712
2044.533813,675
2045.7985839999999,675
2047.0623780000001,716
2048.3256839999999,681
2049.588135,706
2050.8498540000001,646
2052.1108399999998,697
2053.3710940000001,704
2054.6303710000002,667
2055.889404,697
2057.1469729999999,686
2058.404297,662
2059.6608890000002,696
2060.91626,658
2062.1713869999999,698
2063.4255370000001,658
2064.6791990000002,664
2065.931885,688
2067.1838379999999,667
2068.4350589999999,687
2069.6853030000002,656
2070.9350589999999,700
2072.1840820000002,695
2073.4326169999999,671
2074.679932,678
2075.9267580000001,692
2077.172607,684
2078.4179690000001,654
2079.6623540000001,709
2080.90625,644
2082.149414,648
2083.3916020000001,612
2084.633057,652
2085.8740229999999,625
2087.1142580000001,675
2088.3532709999999,670
2089.591797,651
2090.8298340000001,645
2092.0666500000002,670
2093.3032229999999,713
2094.5390630000002,687
2095.7739259999998,632
2097.0078130000002,647
2098.241211,660
2099.474365,639
2100.7060550000001,613
2101.9372560000002,606
2103.1677249999998,646
2104.397461,590
2105.6264649999998,578
2106.8547359999998,582
2108.0825199999999,596
2109.3090820000002,656
2110.5351559999999,601
2111.7604980000001,576
2112.9853520000001,660
2114.2089839999999,581
2115.4321289999998,604
2116.6547850000002,595
2117.8764649999998,618
2119.0974120000001,586
2120.3178710000002,598
2121.5373540000001,585
2122.7561040000001,586
2123.9741210000002,571
2125.1914059999999,592
2126.4079590000001,600
2127.623779,586
2128.8388669999999,592
2130.0534670000002,569
2131.2673340000001,585
2132.4802249999998,572
2133.6923830000001,585
2134.9040530000002,595
2136.1145019999999,578
2137.3247070000002,557
2138.5339359999998,527
2139.7426759999998,522
2140.9506839999999,554
2142.1577149999998,565
2143.3645019999999,562
2144.5703130000002,585
2145.7749020000001,583
2146.9794919999999,549
2148.1828609999998,535
2149.3857419999999,581
2150.5878910000001,525
2151.789307,570
2152.9902339999999,533
2154.1901859999998,554
2155.3891600000002,546
2156.5878910000001,521
2157.7856449999999,576
2158.9829100000002,596
2160.1791990000002,552
2161.375,507
2162.5698240000002,530
2163.7639159999999,529
2164.9577640000002,548
2166.150635,532
2167.342529,546
2168.5339359999998,509
2169.7248540000001,516
2170.9145509999998,548
2172.1040039999998,552
2173.2924800000001,476
2174.4804690000001,509
2175.6674800000001,555
2176.85376,555
2178.0395509999998,536
2179.224365,520
2180.4089359999998,532
2181.5922850000002,460
2182.7751459999999,481
2183.9572750000002,536
2185.1389159999999,504
2186.3195799999999,544
2187.4997560000002,514
2188.6789549999999,542
2189.8579100000002,496
2191.0356449999999,517
2192.2128910000001,490
2193.3891600000002,521
2194.5654300000001,511
2195.7407229999999,440
2196.9145509999998,473
2198.0886230000001,508
2199.2614749999998,486
2200.4338379999999,525
2201.6052249999998,488
2202.7761230000001,490
2203.9465329999998,504
2205.1157229999999,457
2206.2846679999998,469
2207.4526369999999,488
2208.6201169999999,457
2209.7866210000002,435
2210.9528810000002,442
2212.1179200000001,458
2213.282471,457
2214.4465329999998,480
2215.6098630000001,458
2216.7722170000002,485
2217.9338379999999,444
2219.0952149999998,452
2220.255615,516
2221.4152829999998,448
2222.5742190000001,501
2223.732422,451
2224.8901369999999,456
2226.046875,444
2227.2033689999998,469
2228.358643,438
2229.513672,495
2230.6677249999998,483
2231.8210450000001,476
2232.9741210000002,475
2234.1259770000001,488
2235.2773440000001,475
2236.4279790000001,429
2237.5783689999998,433
2238.7272950000001,454
2239.8759770000001,473
2241.0241700000001,451
2242.1713869999999,473
2243.3176269999999,437
2244.4636230000001,465
2245.6088869999999,414
2246.7531739999999,439
2247.8972170000002,447
2249.0402829999998,428
2250.1826169999999,441
2251.3244629999999,416
2252.4655760000001,407
2253.6059570000002,433
2254.7456050000001,408
2255.8842770000001,436
2257.0229490000002,405
2258.1606449999999,433
2259.2973630000001,379
2260.4335940000001,451
2261.5690920000002,412
2262.704346,387
2263.838135,450
2264.9719239999999,439
2266.1044919999999,426
2267.2368160000001,490
2268.3684079999998,434
2269.4990229999999,425
2270.6296390000002,425
2271.758789,421
2272.8874510000001,404
2274.0158689999998,423
2275.1428219999998,392
2276.2695309999999,433
2277.3957519999999,413
2278.52124,385
2279.6457519999999,419
2280.7697750000002,384
2281.8933109999998,436
2283.0158689999998,441
2284.1379390000002,410
2285.2592770000001,435
2286.3798830000001,446
2287.4995119999999,385
2288.6188959999999,394
2289.7377929999998,446
2290.8557129999999,418
2291.9729000000002,406
2293.0895999999998,439
2294.2055660000001,388
2295.320557,392
2296.4350589999999,419
2297.5490719999998,413
2298.6623540000001,395
2299.7749020000001,424
2300.8867190000001,373
2301.998047,390
2303.108643,354
2304.2185060000002,406
2305.3276369999999,359
2306.436279,385
2307.5441890000002,381
2308.6511230000001,405
2309.758057,383
2310.8637699999999,382
2311.96875,365
2313.0732419999999,376
2314.17749,370
2315.280518,360
2316.383057,356
2317.485107,338
2318.586182,354
2319.686768,352
2320.7866210000002,383
2321.8859859999998,362
2322.9846189999998,380
2324.0822750000002,380
2325.179443,357
2326.2761230000001,361
2327.3720699999999,340
2328.467529,344
2329.5620119999999,379
2330.6560060000002,344
2331.7490229999999,358
2332.8415530000002,360
2333.9335940000001,371
2335.0251459999999,369
2336.1154790000001,301
2337.2055660000001,324
2338.294922,377
2339.3833009999998,330
2340.4714359999998,336
2341.5588379999999,339
2342.6455080000001,336
2343.7312010000001,354
2344.8168949999999,367
2345.9013669999999,380
2346.985596,374
2348.0690920000002,336
2349.1518550000001,344
2350.2341310000002,362
2351.3151859999998,332
2352.39624,327
2353.4760740000002,387
2354.555664,368
2355.6342770000001,357
2356.7126459999999,346
2357.7902829999998,326
2358.8666990000002,361
2359.943115,354
2361.0185550000001,289
2362.09375,340
2363.1679690000001,351
2364.241211,377
2365.3146969999998,289
2366.3867190000001,313
2367.4580080000001,343
2368.529297,346
2369.5998540000001,313
2370.6694339999999,377
2371.7385250000002,339
2372.806885,299
2373.8747560000002,329
2374.9418949999999,355
2376.0085450000001,337
2377.0742190000001,313
2378.1391600000002,355
2379.203857,386
2380.267578,312
2381.3310550000001,331
2382.3937989999999,329
2383.4555660000001,262
2384.5170899999998,321
2385.577393,364
2386.6374510000001,316
2387.6967770000001,302
2388.7558589999999,320
2389.8134770000001,307
2390.8710940000001,281
2391.9279790000001,307
2392.984375,292
2394.0395509999998,268
2395.0947270000001,325
2396.1489259999998,367
2397.202393,323
2398.2553710000002,288
2399.3078609999998,290
2400.3596189999998,274
2401.4104000000002,265
2402.4609380000002,319
2403.5107419999999,255
2404.5598140000002,316
2405.6083979999999,287
2406.65625,303
2407.7036130000001,321
2408.75,290
2409.796143,273
2410.8413089999999,264
2411.8862300000001,314
2412.9301759999998,285
2413.9733890000002,276
2415.016357,306
2416.0583499999998,302
2417.1000979999999,271
2418.1408689999998,277
2419.1811520000001,252
2420.2204590000001,289
2421.2597660000001,300
2422.2983399999998,275
2423.335693,294
2424.373047,314
2425.4096679999998,273
2426.4453130000002,256
2427.4802249999998,277
2428.514893,340
2429.5490719999998,267
2430.5822750000002,257
2431.6147460000002,293
2432.6467290000001,272
2433.6784670000002,266
2434.7089839999999,283
2435.7392580000001,305
2436.7690429999998,326
2437.7978520000001,309
2438.826172,284
2439.8535160000001,258
2440.8808589999999,275
2441.906982,274
2442.9331050000001,253
2443.9580080000001,302
2444.9829100000002,284
2446.0065920000002,262
2447.0297850000002,304
2448.0527339999999,323
2449.0747070000002,252
2450.0959469999998,288
2451.1166990000002,284
2452.1372070000002,316
2453.1564939999998,287
2454.1755370000001,244
2455.1938479999999,233
2456.2116700000001,278
2457.2282709999999,247
2458.2448730000001,231
2459.2609859999998,236
2460.2758789999998,246
2461.2905270000001,248
2462.3046880000002,214
2463.318115,275
2464.3305660000001,236
2465.3427729999999,216
2466.3544919999999,228
2467.3654790000001,204
2468.3752439999998,265
2469.3852539999998,284
2470.3940429999998,262
2471.4025879999999,273
2472.4104000000002,262
2473.4174800000001,285
2474.4240719999998,255
2475.429932,264
2476.4353030000002,253
2477.4399410000001,293
2478.444336,251
2479.44751,231
2480.4506839999999,204
2481.4526369999999,279
2482.4545899999998,238
2483.4558109999998,271
2484.4560550000001,225
2485.4560550000001,256
2486.4548340000001,221
2487.4536130000001,231
2488.4516600000002,267
2489.4487300000001,247
2490.4458009999998,231
2491.4421390000002,211
2492.4375,251
2493.4323730000001,198
2494.4265140000002,251
2495.4204100000002,231
2496.413818,195
2497.4060060000002,245
2498.398193,228
2499.389404,202
2500.3798830000001,217
2501.3698730000001,195
2502.3596189999998,153
2503.3486330000001,252
2504.3366700000001,204
2505.3242190000001,237
2506.3115229999999,179
2507.2978520000001,246
2508.2834469999998,258
2509.2692870000001,252
2510.2536620000001,230
2511.2375489999999,225
2512.2214359999998,249
2513.203857,197
2514.1857909999999,216
2515.1677249999998,252
2516.148682,242
2517.1286620000001,225
2518.1091310000002,238
2519.088135,201
2520.0664059999999,216
2521.044922,223
2522.0222170000002,244
2522.999268,234
2523.975586,239
2524.9506839999999,235
2525.9257809999999,195
2526.9001459999999,220
2527.8740229999999,187
2528.8474120000001,191
2529.8198240000002,219
2530.7917480000001,238
2531.763672,241
2532.7341310000002,217
2533.7041020000001,218
2534.6743160000001,183
2535.6430660000001,232
2536.6118160000001,199
2537.579346,182
2538.5466310000002,224
2539.5139159999999,225
2540.4794919999999,208
2541.4448240000002,215
2542.4099120000001,237
2543.374268,195
2544.338135,245
2545.3015140000002,216
2546.263672,165
2547.226318,199
2548.1872560000002,177
2549.1477049999999,216
2550.108154,248
2551.0676269999999,215
2552.0263669999999,179
2552.985107,183
2553.9428710000002,200
2554.8996579999998,181
2555.8566890000002,190
2556.8125,225
2557.7683109999998,195
2558.7231449999999,209
2559.6767580000001,225
2560.6311040000001,198
2561.5839839999999,187
2562.5363769999999,167
2563.4882809999999,177
2564.439453,167
2565.3901369999999,216
2566.3408199999999,210
2567.290039,214
2568.2387699999999,207
2569.1879880000001,206
2570.1352539999998,171
2571.0830080000001,184
2572.029297,155
2572.9750979999999,179
2573.921143,178
2574.8657229999999,170
2575.8100589999999,216
2576.7539059999999,181
2577.6970209999999,202
2578.639404,153
2579.5817870000001,195
2580.523193,199
2581.4641109999998,190
2582.404297,172
2583.3435060000002,164
2584.283203,156
2585.2214359999998,179
2586.1594239999999,161
2587.0969239999999,167
2588.0334469999998,206
2588.969482,203
2589.9057619999999,157
2590.8408199999999,150
2591.7753910000001,154
2592.7092290000001,193
2593.6420899999998,211
2594.5751949999999,178
2595.5073240000002,150
2596.438721,176
2597.3701169999999,174
2598.3005370000001,222
2599.2299800000001,172
2600.1594239999999,187
2601.0878910000001,162
2602.016357,159
2602.9438479999999,176
2603.8708499999998,181
2604.7973630000001,189
2605.7233890000002,154
2606.648682,139
2607.5734859999998,149
2608.4970699999999,113
2609.420654,166
2610.3442380000001,172
2611.266357,161
2612.188232,145
2613.1096189999998,215
2614.030518,201
2614.9509280000002,161
2615.8698730000001,190
2616.788818,158
2617.7080080000001,149
2618.6252439999998,116
2619.5427249999998,142
2620.459961,145
2621.3759770000001,160
2622.2910160000001,182
2623.2062989999999,202
2624.1210940000001,188
2625.0351559999999,161
2625.9482419999999,188
2626.8608399999998,151
2627.773682,144
2628.6850589999999,152
2629.5959469999998,150
2630.5065920000002,181
2631.4165039999998,143
2632.3256839999999,192
2633.2348630000001,123
2634.142578,140
2635.0510250000002,169
2635.9580080000001,158
2636.8645019999999,209
2637.7707519999999,174
2638.6760250000002,148
2639.5808109999998,155
2640.485596,193
2641.3889159999999,144
2642.2922359999998,177
2643.195068,174
2644.0971679999998,114
2644.9985350000002,119
2645.8996579999998,168
2646.8000489999999,150
2647.7004390000002,148
2648.599365,180
2649.498047,151
2650.3967290000001,184
2651.2944339999999,142
2652.1909179999998,135
2653.0878910000001,197
2653.983643,137
2654.8791500000002,161
2655.7739259999998,126
2656.6682129999999,161
2657.5622560000002,158
2658.4553219999998,128
2659.3476559999999,162
2660.2404790000001,178
2661.1313479999999,148
2662.022461,115
2662.9133299999999,109
2663.8029790000001,176
2664.6921390000002,108
2665.5812989999999,161
2666.469482,114
2667.357422,165
2668.244385,143
2669.130615,112
2670.0170899999998,121
2670.9023440000001,113
2671.786865,183
2672.671875,153
2673.5554200000001,163
2674.4384770000001,160
2675.3217770000001,174
2676.203857,154
2677.0852049999999,131
2677.9665530000002,138
2678.8471679999998,147
2679.7272950000001,193
2680.6066890000002,128
2681.4853520000001,179
2682.3642580000001,127
2683.2416990000002,162
2684.1188959999999,150
2684.9960940000001,132
2685.8720699999999,126
2686.7473140000002,150
2687.623047,165
2688.4970699999999,170
2689.3715820000002,191
2690.2448730000001,180
2691.117432,152
2691.98999,120
2692.8618160000001,117
2693.733154,171
2694.6040039999998,121
2695.4741210000002,156
2696.3439939999998,129
2697.213135,139
2698.0817870000001,162
2698.9499510000001,140
2699.8173830000001,137
2700.6840820000002,147
2701.5510250000002,109
2702.4165039999998,113
2703.281982,192
2704.1472170000002,74
2705.0109859999998,147
2705.8747560000002,154
2706.7382809999999,110
2707.6008299999999,115
2708.463135,132
2709.3247070000002,139
2710.1857909999999,177
2711.0466310000002,145
2711.90625,61
2712.765625,115
2713.6247560000002,111
2714.483154,126
2715.3408199999999,136
2716.1984859999998,162
2717.0551759999998,126
2717.9111330000001,149
2718.7673340000001,143
2719.6223140000002,108
2720.4772950000001,163
2721.3312989999999,148
2722.1845699999999,137
2723.038086,126
2723.8903810000002,83
2724.7421880000002,141
2725.5939939999998,112
2726.4448240000002,114
2727.294922,89
2728.1452640000002,162
2728.994385,143
2729.8435060000002,143
2730.6918949999999,99
2731.539307,142
2732.3867190000001,116
2733.2333979999999,130
2734.0795899999998,167
2734.9255370000001,159
2735.7702640000002,114
2736.61499,125
2737.4592290000001,109
2738.3027339999999,104
2739.14624,134
2739.9885250000002,92
2740.8303219999998,90
2741.6721189999998,121
2742.5129390000002,132
2743.3530270000001,141
2744.1936040000001,95
2745.0327149999998,71
2745.8713379999999,132
2746.7102049999999,119
2747.5478520000001,113
2748.3847660000001,95
2749.2216800000001,95
2750.0581050000001,104
2750.8940429999998,144
2751.7290039999998,130
2752.563721,142
2753.398193,126
2754.2316890000002,130
2755.064453,83
2755.8977049999999,85
2756.7292480000001,100
2757.5607909999999,114
2758.3923340000001,106
2759.2226559999999,136
2760.0527339999999,130
2760.8823240000002,100
2761.7109380000002,108
2762.540039,91
2763.3679200000001,122
2764.195068,71
2765.0222170000002,86
2765.8483890000002,103
2766.6740719999998,93
2767.5,93
2768.3249510000001,150
2769.1491700000001,94
2769.9729000000002,108
2770.7963869999999,82
2771.6191410000001,118
2772.4416500000002,80
2773.2626949999999,112
2774.0847170000002,140
2774.905518,144
2775.725586,91
2776.5454100000002,77
2777.3645019999999,96
2778.1833499999998,109
2779.0017090000001,83
2779.8190920000002,110
2780.6369629999999,109
2781.4536130000001,85
2782.2690429999998,112
2783.0852049999999,56
2783.9003910000001,75
2784.7148440000001,113
2785.529297,90
2786.343018,132
2787.1557619999999,68
2787.9692380000001,95
2788.7807619999999,104
2789.5927729999999,90
2790.4035640000002,85
2791.2143550000001,94
2792.024414,68
2792.8342290000001,129
2793.6428219999998,94
2794.451904,138
2795.2595209999999,63
2796.0673830000001,101
2796.8747560000002,107
2797.6809079999998,91
2798.4873050000001,88
2799.2929690000001,74
2800.0976559999999,83
2800.9028320000002,89
2801.7067870000001,71
2802.51001,87
2803.3134770000001,95
2804.1157229999999,118
2804.9177249999998,110
2805.7197270000001,85
2806.5207519999999,102
2807.3210450000001,118
2808.1215820000002,100
2808.921143,134
2809.7204590000001,78
2810.5187989999999,89
2811.3166500000002,104
2812.1147460000002,100
2812.9116210000002,68
2813.7080080000001,82
2814.5046390000002,90
2815.3000489999999,115
2816.094971,83
2816.889893,75
2817.6838379999999,100
2818.477539,111
2819.2707519999999,91
2820.063232,113
2820.8554690000001,122
2821.647461,74
2822.4384770000001,78
2823.2294919999999,95
2824.0192870000001,98
2824.8088379999999,94
2825.5986330000001,120
2826.3869629999999,100
2827.1755370000001,118
2827.963135,92
2828.7502439999998,120
2829.5373540000001,148
2830.3234859999998,57
2831.1091310000002,124
2831.8947750000002,76
2832.679443,129
2833.4633789999998,84
2834.2478030000002,110
2835.0307619999999,96
2835.8142090000001,123
2836.5964359999998,111
2837.3781739999999,168
2838.1599120000001,132
2838.9404300000001,158
2839.7209469999998,203
2840.5009770000001,118
2841.2807619999999,184
2842.0593260000001,185
2842.838135,189
2843.6159670000002,206
2844.3933109999998,191
2845.1708979999999,211
2845.9472660000001,190
2846.7233890000002,207
2847.499268,243
2848.274414,258
2849.048828,233
2849.8227539999998,250
2850.5966800000001,270
2851.3703609999998,239
2852.1428219999998,239
2852.9147950000001,186
2853.686768,265
2854.4577640000002,251
2855.2292480000001,231
2855.999268,256
2856.7687989999999,245
2857.538818,203
2858.3073730000001,286
2859.0756839999999,242
2859.8439939999998,237
2860.611328,238
2861.3779300000001,237
2862.1450199999999,220
2862.9108890000002,232
2863.6770019999999,274
2864.4416500000002,213
2865.2060550000001,222
2865.9704590000001,249
2866.734375,196
2867.4973140000002,226
2868.2604980000001,250
2869.022461,220
2869.7841800000001,240
2870.5454100000002,229
2871.3066410000001,233
2872.0666500000002,200
2872.826904,226
2873.586182,242
2874.345703,261
2875.10376,222
2875.8615719999998,243
2876.6198730000001,242
2877.3764649999998,212
2878.1335450000001,219
2878.8896479999999,211
2879.6450199999999,214
2880.4001459999999,204
2881.1552729999999,213
2881.9091800000001,234
2882.6635740000002,234
2883.4167480000001,228
2884.1694339999999,180
2884.9223630000001,209
2885.6740719999998,260
2886.4252929999998,234
2887.1765140000002,185
2887.9272460000002,198
2888.6770019999999,214
2889.4272460000002,232
2890.1760250000002,209
2890.9252929999998,210
2891.673096,184
2892.4208979999999,223
2893.1687010000001,165
2893.9152829999998,246
2894.6616210000002,180
2895.4079590000001,181
2896.1533199999999,234
2896.898193,215
2897.6430660000001,212
2898.3869629999999,216
2899.130615,205
2899.8740229999999,193
2900.6166990000002,206
2901.359375,169
2902.1010740000002,209
2902.8420409999999,218
2903.58374,210
2904.3237300000001,177
2905.063721,172
2905.8034670000002,233
2906.5422359999998,205
2907.2810060000002,150
2908.0192870000001,191
2908.7570799999999,164
2909.4946289999998,194
2910.2316890000002,209
2910.967529,155
2911.7041020000001,155
