-91.002823,49091
-88.403893,49091
-85.806755,53043
-83.21138,55730
-80.617798,58815
-78.025986,61193
-75.435944,64427
-72.847694,67418
-70.261208,69001
-67.676491,813946
-65.093552,3023261
-62.512371,6004676
-59.932957,7905638
-57.355316,8849433
-54.77943,9390071
-52.205307,9896936
-49.632942,10250431
-47.06234,10467795
-44.493492,10621066
-41.926403,10717984
-39.361061,10829680
-36.79747,10859826
-34.235638,10917024
-31.67555,10966757
-29.117205,10952963
-26.560606,10935706
-24.005753,10937940
-21.452648,10931584
-18.901274,10935090
-16.351643,10819809
-13.803752,10835383
-11.257592,10811627
-8.713166,10703589
-6.170472,10618830
-3.629509,10594525
-1.090284,10393482
1.447222,10156194
3.983001,9701211
6.517048,8818311
9.049378,5471041
11.579988,2006551
14.108878,1802384
16.636051,2287912
19.161497,2467985
21.685236,1884876
24.20726,1029036
26.727566,433051
29.246168,270914
31.763063,213849
34.278252,176430
36.791733,157916
39.303505,149095
41.813583,135154
44.321938,130142
46.828613,127024
49.333584,122447
51.836864,116045
54.338448,105503
56.838337,93347
59.336533,83874
61.833023,76197
64.327835,69681
66.820969,66975
69.312416,60302
71.80217,57402
74.290253,56676
76.776649,56252
79.261368,55554
81.744408,52557
84.225746,50436
86.705437,45900
89.183449,45986
91.659798,44530
94.134468,45141
96.60746,44480
99.078789,43058
101.548447,41146
104.016449,40104
106.482788,39242
108.947464,41018
111.410484,40117
113.871849,41249
116.331551,41553
118.789581,44424
121.245995,45535
123.700722,48474
126.153809,53363
128.605225,58018
131.055038,65366
133.503189,74191
135.949677,87938
138.394531,105896
140.837708,130129
143.279282,163621
145.719223,207168
148.157516,271193
150.594177,353825
153.029205,462640
155.462585,594542
157.894363,755179
160.324509,934896
162.753006,1124694
165.179871,1314507
167.605118,1483734
170.028732,1628760
172.450714,1740668
174.871094,1828981
177.289856,1894039
179.706985,1932608
182.122513,1978778
184.536438,2028817
186.948715,2097389
189.359406,2174126
191.768463,2272713
194.175934,2396854
196.581772,2553108
198.986023,2724079
201.388687,2884323
203.789703,3048325
206.189148,3199863
208.586945,3322794
210.98317,3414842
213.377792,3462311
215.770844,3502098
218.162277,3519513
220.552124,3525755
222.940369,3525470
225.327042,3525806
227.712128,3529225
230.095596,3530002
232.477493,3529818
234.857803,3526770
237.236542,3539941
239.613663,3531134
241.989243,3536352
244.363235,3541210
246.735626,3540639
249.106415,3543798
251.475677,3550683
253.843369,3557169
256.209473,3558322
258.574005,3554754
260.936951,3556712
263.29837,3553247
265.658173,3541411
268.016449,3541622
270.373169,3544715
272.728302,3542504
275.081848,3540804
277.433868,3526484
279.784332,3506599
282.133209,3494154
284.48053,3482708
286.826324,3473940
289.170563,3462768
291.513214,3455526
293.85437,3453554
296.19397,3466117
298.532013,3468830
300.868469,3477682
303.2034,3444507
305.536804,3432185
307.868652,3426014
310.198944,3422294
312.527771,3422438
314.855011,3413338
317.180695,3409566
319.504852,3409364
321.827515,3409051
324.148529,3394627
326.468109,3401124
328.786194,3397866
331.102661,3394263
333.417664,3396342
335.73111,3395758
338.04303,3395090
340.353424,3396980
342.662323,3390222
344.969696,3386962
347.275543,3402188
349.579865,3402914
351.88266,3413806
354.18399,3415551
356.483795,3418422
358.782013,3428160
361.078766,3421552
363.374023,3426173
365.667725,3420250
367.959961,3416284
370.250702,3411429
372.539948,3416346
374.827667,3414120
377.113892,3399091
379.39859,3386803
381.681824,3374461
383.963531,3368475
386.243744,3370941
388.522461,3355548
390.799713,3350159
393.075409,3337493
395.349701,3335844
397.622437,3316645
399.893677,3311345
402.163483,3291140
404.431824,3279669
406.698608,3267821
408.963959,3253362
411.227753,3247840
413.490173,3240279
415.750977,3224278
418.010406,3217672
420.268341,3206720
422.52475,3187710
424.779785,3183546
427.033234,3177263
429.285339,3169996
431.535858,3156122
433.785004,3147620
436.032593,3133549
438.278748,3116765
440.523407,3115521
442.766663,3114720
445.008423,3105691
447.248749,3098012
449.48761,3095963
451.724945,3097283
453.960876,3093753
456.195313,3088302
458.428375,3089871
460.659912,3088360
462.890045,3083073
465.118683,3079255
467.345947,3087004
469.571686,3122614
471.796021,3095177
474.01886,3069572
476.240326,3052976
478.460236,3048133
480.678802,3045634
482.895874,3043679
485.111481,3051183
487.325714,3063694
489.538452,3073137
491.749817,3082102
493.959717,3082997
496.168213,3057288
498.375244,3056060
500.580841,3059282
502.785034,3059716
504.987793,3059947
507.189056,3067585
509.388977,3062775
511.587433,3053663
513.784485,3045382
515.980103,3043319
518.174316,3032390
520.367065,3020045
522.55835,3009115
524.748352,2997618
526.936829,2995780
529.123962,2980085
531.30957,2967372
533.493896,2957807
535.676758,2952647
537.858215,2941085
540.038269,2930178
542.21698,2921253
544.394165,2922704
546.570068,2898040
548.744446,2880476
550.917542,2869736
553.08905,2879342
555.259338,2879224
557.428101,2869028
559.59552,2844523
561.761536,2828101
563.926147,2812689
566.089417,2805970
568.251221,2801579
570.411682,2810952
572.57074,2814120
574.728455,2820630
576.884644,2809201
579.03949,2802010
581.193054,2774780
583.345154,2749460
585.49585,2723732
587.645203,2708685
589.793152,2700537
591.939758,2697065
594.084961,2689063
596.22876,2687382
598.371216,2686885
600.512268,2676761
602.651917,2671702
604.790222,2668535
606.927246,2662353
609.062805,2662926
611.197083,2654761
613.329895,2651318
615.461365,2647231
617.591492,2643154
619.720215,2638052
621.847595,2634020
623.973572,2642128
626.098267,2679710
628.221436,2703414
630.343445,2683927
632.463989,2629928
634.583252,2594716
636.701111,2598233
638.817566,2605104
640.932739,2610525
643.046509,2627586
645.158936,2630327
647.270081,2626040
649.379822,2613708
651.48822,2595308
653.595276,2603613
655.700989,2620240
657.805298,2624549
659.908264,2622180
662.01001,2614102
664.110291,2600808
666.20929,2588978
668.306946,2573565
670.403259,2568362
672.498291,2545406
674.591919,2541397
676.684082,2537942
678.775085,2549492
680.864746,2506427
682.953125,2494077
685.040039,2487012
687.125732,2480737
689.210022,2493174
691.29303,2516566
693.374756,2522482
695.455017,2513874
697.534058,2460549
699.611755,2429340
701.688171,2411286
703.763123,2395473
705.836914,2391987
707.909241,2385214
709.980469,2379032
712.050171,2373009
714.118652,2361176
716.185791,2357208
718.251648,2352709
720.316162,2342207
722.379517,2339874
724.441345,2331581
726.501892,2319110
728.561218,2316706
730.619141,2313617
732.675903,2313413
734.731201,2312459
736.7854,2311121
738.838135,2306900
740.889648,2300183
742.939758,2301783
744.988647,2302062
747.036255,2299151
749.08252,2298326
751.127502,2307692
753.171265,2307479
755.213684,2317119
757.2547,2328413
759.294556,2335561
761.333069,2335997
763.3703,2329800
765.406311,2328647
767.440979,2331041
769.474304,2327781
771.50647,2319848
773.537231,2317333
775.566772,2309304
777.595032,2306338
779.622009,2296729
781.647644,2288867
783.672119,2280997
785.695251,2271950
787.717163,2269086
789.737671,2262001
791.756958,2251387
793.774963,2245859
795.791748,2237893
797.80719,2239916
799.821472,2237053
801.834412,2221123
803.84613,2210497
805.856506,2204666
807.865662,2200918
809.873535,2194306
811.880188,2179963
813.88562,2175626
815.889709,2159609
817.892456,2154748
819.894043,2151289
821.89447,2132169
823.893433,2121857
825.891296,2118187
827.887878,2104853
829.883179,2091762
831.877197,2084650
833.869995,2077602
835.861572,2072258
837.851868,2065870
839.84082,2062609
841.828674,2057527
843.815247,2052829
845.800537,2047456
847.784485,2042623
849.767456,2042498
851.749023,2044901
853.729309,2036856
855.708374,2034936
857.686218,2030095
859.662903,2033702
861.638184,2033089
863.612305,2031713
865.585266,2036159
867.556946,2030071
869.527344,2028286
871.496521,2028568
873.464478,2028298
875.431274,2024033
877.396729,2022781
879.360901,2018810
881.323975,2014989
883.285889,2015199
885.246338,2018540
887.20575,2015517
889.163879,2015820
891.120728,2015853
893.076477,2012650
895.030945,2010386
896.984314,2011620
898.936096,1999814
900.887024,1996227
902.836609,1989428
904.785034,1982970
906.732239,1977602
908.678101,1967956
910.622925,1956075
912.566467,1946965
914.508606,1937353
916.449768,1929874
918.389771,1920353
920.328308,1912949
922.265808,1910352
924.202209,1899774
926.137207,1894762
928.071045,1889512
930.003723,1887197
931.935181,1874259
933.865479,1863242
935.794434,1856700
937.72229,1850359
939.649048,1839633
941.574463,1831624
943.498657,1825221
945.421631,1819013
947.343567,1814006
949.264221,1809668
951.183716,1806761
953.102051,1795610
955.019165,1790920
956.934998,1788121
958.849731,1783323
960.763245,1774781
962.675659,1776376
964.58667,1770815
966.496704,1765742
968.405518,1765401
970.31311,1763771
972.219421,1762410
974.124695,1754887
976.028748,1753623
977.93158,1754089
979.833313,1755632
981.733826,1752603
983.633179,1750649
985.53125,1746649
987.428284,1745250
989.324097,1747365
991.21875,1750956
993.112122,1757069
995.004456,1760683
996.89563,1760416
998.785583,1763026
1000.674255,1764395
1002.561951,1760626
1004.448425,1754577
1006.333679,1751844
1008.217651,1753949
1010.100708,1749975
1011.982422,1751171
1013.862915,1745717
1015.742432,1738552
1017.620789,1735078
1019.497986,1731941
1021.37384,1727977
1023.248779,1727065
1025.122437,1728462
1026.994873,1723937
1028.866211,1715714
1030.736328,1704869
1032.605591,1697118
1034.473511,1695190
1036.340088,1697956
1038.205688,1693864
1040.07019,1682021
1041.933228,1674163
1043.795532,1669076
1045.656494,1664643
1047.516357,1657662
1049.375,1648190
1051.232544,1640560
1053.089111,1628048
1054.944214,1619473
1056.798218,1610177
1058.651367,1593309
1060.503296,1582990
1062.354004,1570937
1064.203369,1563101
1066.05188,1558011
1067.89917,1550484
1069.745117,1549078
1071.59021,1545879
1073.434082,1539611
1075.276978,1525546
1077.118408,1517178
1078.958984,1513255
1080.798218,1505420
1082.636475,1503204
1084.473633,1497601
1086.30957,1494231
1088.144409,1491025
1089.978271,1488405
1091.810669,1486888
1093.64209,1485767
1095.472412,1483869
1097.301758,1479118
1099.129639,1485095
1100.956665,1483796
1102.782593,1484827
1104.6073,1481232
1106.430786,1480908
1108.253418,1487966
1110.074829,1499147
1111.894897,1509609
1113.714111,1518010
1115.532104,1523965
1117.348999,1524752
1119.164795,1532527
1120.979492,1536007
1122.793091,1537502
1124.605591,1533438
1126.416748,1535405
1128.227051,1535676
1130.036377,1536211
1131.844238,1537162
1133.651245,1534987
1135.457153,1531238
1137.261841,1528406
1139.065308,1528612
1140.867798,1523365
1142.669312,1523192
1144.469482,1521777
1146.268677,1515029
1148.066895,1508439
1149.86377,1501185
1151.65979,1499473
1153.454468,1494985
1155.248291,1488140
1157.040771,1485726
1158.832275,1477391
1160.622681,1473207
1162.411987,1467812
1164.200439,1457746
1165.987549,1456466
1167.77356,1450876
1169.55835,1446240
1171.342285,1442799
1173.125,1439746
1174.906982,1432237
1176.687378,1430621
1178.467041,1426705
1180.245361,1420195
1182.022705,1414067
1183.799072,1407001
1185.573975,1402104
1187.348145,1397319
1189.121338,1396344
1190.893311,1398765
1192.664063,1388924
1194.433838,1388021
1196.202515,1384796
1197.970215,1385503
1199.736694,1382985
1201.502319,1378146
1203.266724,1381226
1205.029907,1379460
1206.792114,1378874
1208.553223,1377288
1210.313599,1377666
1212.072632,1376038
1213.830566,1378768
1215.587524,1373619
1217.343262,1379586
1219.098022,1378749
1220.851685,1383016
1222.60437,1382531
1224.355957,1378986
1226.106323,1383069
1227.855835,1382264
1229.604248,1385706
1231.351563,1383946
1233.097778,1387316
1234.843018,1387065
1236.587036,1385810
1238.3302,1384587
1240.072144,1383651
1241.81311,1387399
1243.553101,1384768
1245.29187,1383475
1247.029785,1381591
1248.766479,1382320
1250.502197,1384475
1252.236572,1388843
1253.970215,1387624
1255.702881,1390111
1257.434204,1391683
1259.164673,1390447
1260.894043,1389789
1262.622437,1388206
1264.349731,1385297
1266.075806,1382998
1267.801025,1382512
1269.525146,1377114
1271.248169,1376588
1272.970215,1371796
1274.691406,1372526
1276.411499,1367724
1278.130127,1368901
1279.848022,1363692
1281.564941,1359315
1283.28064,1361572
1284.995361,1358967
1286.709229,1358165
1288.421753,1354961
1290.133667,1356382
1291.844116,1357147
1293.553711,1353560
1295.262207,1359297
1296.969727,1358117
1298.67627,1361781
1300.381592,1359800
1302.08606,1359296
1303.789429,1352256
1305.491821,1351698
1307.193237,1354817
1308.893555,1368568
1310.592529,1362876
1312.290894,1319097
1313.988037,1313980
1315.684326,1332684
1317.379517,1324903
1319.073608,1312166
1320.766724,1324153
1322.458862,1319375
1324.149902,1312575
1325.839966,1307973
1327.529053,1305070
1329.216919,1293102
1330.903931,1280630
1332.590088,1277296
1334.274902,1277643
1335.958618,1272498
1337.641724,1258325
1339.323608,1249068
1341.004517,1243729
1342.684326,1243707
1344.363281,1239206
1346.041138,1235769
1347.718018,1230917
1349.393799,1227791
1351.068481,1223853
1352.742432,1223675
1354.415283,1223984
1356.086914,1221085
1357.75769,1219175
1359.427612,1214091
1361.096191,1213077
1362.764038,1207830
1364.430786,1206254
1366.096558,1200566
1367.761353,1195937
1369.425049,1187462
1371.087646,1187550
1372.74939,1193049
1374.410156,1192732
1376.069946,1192395
1377.72876,1189383
1379.386475,1186293
1381.043091,1186907
1382.698975,1184164
1384.353638,1182098
1386.007446,1185059
1387.660156,1180847
1389.312134,1175471
1390.962769,1174410
1392.612427,1171908
1394.261108,1174126
1395.909058,1172568
1397.555908,1176731
1399.20166,1173123
1400.846558,1172811
1402.490234,1174944
1404.133179,1170071
1405.774902,1161685
1407.415771,1161738
1409.055786,1167934
1410.69458,1168895
1412.332397,1165524
1413.969482,1166345
1415.605469,1168313
1417.240356,1167089
1418.874268,1165692
1420.507324,1166250
1422.139404,1169150
1423.770386,1164294
1425.400391,1164842
1427.029541,1167771
1428.657593,1172995
1430.284668,1178747
1431.910767,1184661
1433.536011,1202933
1435.160156,1203305
1436.783203,1207183
1438.405762,1206108
1440.026978,1206576
1441.646973,1215438
1443.266602,1209242
1444.884888,1203737
1446.502197,1194583
1448.11853,1189386
1449.733887,1185957
1451.348633,1180812
1452.962036,1174952
1454.574585,1169390
1456.186157,1162113
1457.796631,1155683
1459.40625,1153570
1461.014893,1148403
1462.622803,1139011
1464.22937,1127858
1465.835205,1121165
1467.439941,1110998
1469.043823,1106453
1470.646606,1100226
1472.248535,1090773
1473.849609,1085864
1475.449585,1076793
1477.048706,1070586
1478.646606,1065610
1480.243896,1060235
1481.839966,1055890
1483.435059,1049900
1485.029419,1048044
1486.622681,1041215
1488.215088,1039460
1489.806396,1036705
1491.396973,1030649
1492.986328,1028726
1494.574951,1025289
1496.162476,1020742
1497.749146,1015965
1499.334961,1009917
1500.919678,1005503
1502.503296,1007132
1504.086182,1006893
1505.668213,1006686
1507.248901,1004364
1508.828979,1002420
1510.407959,999560
1511.986084,1000413
1513.563232,989148
1515.139526,996817
1516.714844,997559
1518.289063,997814
1519.862671,994046
1521.435059,993789
1523.006348,989808
1524.576782,987962
1526.146606,987708
1527.71521,986768
1529.283081,981803
1530.849976,976641
1532.415771,973874
1533.980591,970858
1535.544556,969045
1537.107666,965375
1538.669922,959875
1540.230957,956598
1541.791382,954373
1543.350586,950216
1544.90918,950850
1546.466309,942705
1548.022949,937350
1549.578613,932932
1551.133423,929618
1552.687134,928234
1554.239868,927475
1555.791748,924191
1557.342651,918960
1558.892578,911005
1560.441772,906012
1561.98999,901324
1563.537231,896605
1565.083618,893726
1566.629028,888232
1568.173462,887006
1569.716919,880747
1571.259521,879366
1572.801147,877958
1574.342285,872888
1575.88208,866389
1577.421021,866613
1578.959229,863660
1580.496094,860350
1582.032104,856403
1583.567505,855318
1585.101929,849389
1586.635498,850043
1588.167969,848222
1589.699463,845125
1591.230347,847021
1592.759888,844747
1594.288696,841796
1595.816772,842583
1597.343872,841108
1598.869995,839422
1600.395142,840645
1601.919678,836379
1603.442993,836534
1604.965332,834973
1606.486816,835863
1608.007568,834745
1609.527588,835321
1611.046265,837281
1612.564331,834979
1614.081421,834722
1615.59729,835482
1617.112549,833071
1618.626831,833646
1620.140381,833143
1621.652832,833241
1623.164551,831647
1624.675171,831624
1626.185181,828553
1627.693848,828838
1629.201904,826517
1630.709106,821008
1632.215332,821172
1633.720825,816648
1635.224976,818062
1636.728516,810612
1638.231079,811473
1639.732788,805919
1641.233521,803234
1642.733521,801854
1644.232666,800092
1645.730957,795885
1647.228271,792421
1648.724487,789829
1650.219849,786870
1651.714478,783177
1653.20813,780791
1654.700928,775169
1656.192871,774037
1657.68396,768280
1659.174072,767676
1660.663086,765098
1662.151611,762214
1663.639038,757203
1665.12561,755236
1666.611328,752461
1668.096069,751591
1669.580078,749414
1671.063232,746527
1672.544922,744643
1674.026245,740764
1675.506592,737024
1676.986206,734634
1678.464966,731472
1679.942627,725530
1681.419434,720444
1682.895386,718435
1684.370239,713591
1685.844604,711561
1687.317993,709747
1688.790527,705638
1690.262085,699772
1691.732788,700882
1693.202759,697049
1694.671265,695856
1696.139404,692384
1697.606567,688615
1699.072876,683948
1700.538574,685293
1702.00293,681617
1703.466553,679657
1704.929321,678160
1706.391357,674593
1707.852417,672922
1709.312622,667893
1710.772095,666347
1712.230469,665736
1713.68811,664637
1715.144897,660733
1716.600464,659536
1718.05542,657651
1719.509521,656152
1720.962891,656417
1722.415283,654082
1723.866821,650341
1725.317505,649725
1726.76709,647286
1728.215942,645389
1729.664185,643028
1731.111328,643270
1732.557739,641341
1734.003174,640315
1735.447876,639610
1736.891602,637672
1738.334229,634400
1739.776123,631599
1741.217529,628564
1742.657837,629323
1744.097412,627733
1745.536011,626799
1746.973633,622372
1748.410278,623949
1749.846313,621600
1751.281494,620311
1752.71582,619009
1754.149292,618569
1755.581909,617669
1757.013672,614626
1758.44458,611915
1759.87439,611942
1761.303467,608657
1762.732056,607163
1764.159546,604781
1765.586182,602071
1767.011963,597711
1768.43689,597612
1769.860718,595698
1771.283936,592461
1772.706299,593158
1774.12793,589702
1775.548706,587038
1776.968506,585238
1778.387451,581943
1779.805542,579531
1781.222778,578225
1782.63916,574913
1784.05481,573810
1785.469482,571091
1786.883545,568452
1788.296509,566771
1789.70874,562868
1791.120239,559409
1792.530518,558547
1793.940308,557229
1795.349121,552763
1796.75708,553468
1798.164429,550768
1799.570679,548840
1800.976196,547717
1802.380737,545659
1803.784546,542988
1805.187622,541131
1806.589722,540362
1807.990967,536858
1809.391479,535261
1810.79126,532346
1812.190063,530094
1813.587769,527092
1814.984863,525245
1816.381104,524517
1817.776611,522671
1819.171387,521569
1820.565186,518368
1821.95813,517317
1823.349976,514118
1824.741455,513156
1826.131958,511988
1827.521484,511009
1828.9104,508133
1830.29834,505947
1831.685669,504099
1833.071899,503489
1834.457153,503227
1835.841797,502264
1837.225708,500614
1838.608765,497347
1839.990967,496557
1841.372314,496564
1842.75293,496735
1844.132446,492974
1845.51123,492536
1846.889282,490631
1848.266602,488952
1849.643066,489153
1851.018799,489212
1852.393555,489125
1853.767578,485538
1855.140381,484134
1856.512817,482706
1857.884277,482716
1859.255005,481728
1860.624756,482094
1861.994141,477083
1863.362183,474219
1864.729248,475917
1866.095947,472328
1867.46167,471602
1868.82666,470766
1870.190796,468534
1871.554321,466762
1872.916748,466369
1874.278564,463511
1875.63916,465726
1876.99939,461390
1878.358521,461107
1879.716919,457480
1881.074707,458723
1882.431641,458101
1883.787354,455859
1885.142456,454071
1886.496704,452264
1887.850586,449085
1889.203247,448769
1890.555176,448316
1891.906372,443641
1893.256714,444073
1894.606079,443838
1895.954712,441620
1897.302734,440244
1898.64978,438195
1899.996216,437430
1901.341675,435070
1902.686401,433491
1904.030396,431560
1905.373169,428642
1906.715454,428906
1908.056885,425191
1909.397705,422948
1910.737549,421756
1912.07666,420370
1913.415039,418318
1914.752441,415381
1916.088989,412497
1917.424805,412787
1918.76001,411534
1920.094238,409525
1921.427612,406662
1922.760376,404801
1924.092285,405921
1925.423096,402053
1926.753418,400948
1928.082886,398801
1929.411621,398027
1930.739624,393640
1932.06665,392732
1933.392944,391873
1934.718384,392004
1936.042969,389279
1937.366943,388939
1938.689941,387444
1940.012329,384921
1941.333862,383656
1942.654785,380104
1943.974609,379537
1945.293701,378006
1946.611938,376284
1947.929688,373950
1949.24646,373723
1950.5625,370687
1951.877686,370534
1953.192139,368974
1954.505737,363989
1955.818359,364701
1957.130493,362913
1958.441772,359916
1959.752197,358869
1961.06189,357192
1962.371094,358813
1963.679077,356167
1964.98645,353494
1966.292969,351892
1967.598755,350347
1968.903809,348993
1970.207764,346421
1971.511475,347441
1972.814087,344858
1974.115845,342781
1975.416748,340701
1976.716797,339619
1978.016724,340059
1979.31543,337053
1980.613403,335719
1981.910522,335168
1983.206909,333600
1984.502686,333663
1985.797241,332452
1987.091309,331195
1988.384766,330686
1989.677124,330399
1990.968872,329081
1992.259766,327979
1993.550171,327335
1994.839233,323412
1996.128174,323100
1997.415894,323953
1998.703003,323964
1999.98938,321581
2001.275024,319518
2002.559692,317773
2003.843506,319488
2005.126587,316506
2006.40918,315340
2007.690796,314927
2008.971802,314117
2010.251831,312489
2011.531372,314116
2012.810059,311680
2014.087524,313445
2015.364746,309818
2016.641113,311285
2017.916504,310181
2019.191406,309869
2020.465454,308873
2021.738647,307442
2023.010986,307118
2024.282715,306394
2025.553467,304365
2026.823608,305996
2028.09314,302770
2029.361816,302234
2030.629639,303506
2031.896729,302555
2033.162842,302100
2034.428589,299583
2035.693237,298445
2036.957397,295348
2038.220703,295501
2039.483276,291780
2040.744995,292917
2042.006104,292078
2043.266113,290910
2044.525757,291011
2045.784546,290345
2047.04248,288300
2048.299561,288750
2049.556152,288274
2050.811768,285405
2052.06665,283597
2053.320801,282800
2054.574219,279953
2055.826904,282799
2057.078613,280603
2058.330078,281105
2059.580566,277687
2060.830078,276497
2062.078857,276215
2063.327148,274816
2064.574219,274079
2065.821289,274702
2067.067139,271317
2068.312256,273721
2069.556641,270563
2070.800049,268971
2072.042725,266794
2073.285156,266997
2074.526367,266169
2075.767334,267153
2077.00708,264076
2078.246338,262343
2079.484619,261393
2080.721924,262194
2081.958984,259626
2083.195313,259086
2084.43042,258206
2085.665039,256675
2086.89917,256081
2088.132324,257071
2089.364502,255104
2090.596191,255860
2091.827148,253438
2093.057373,254807
2094.286865,252862
2095.515381,252025
2096.743408,249797
2097.970703,250531
2099.197266,250582
2100.422852,249352
2101.647949,247902
2102.87207,246854
2104.095459,247367
2105.318359,248115
2106.540283,245197
2107.761475,243787
2108.982178,243294
2110.202148,241108
2111.420898,240981
2112.639404,241194
2113.856934,240808
2115.07373,238021
2116.289795,238495
2117.505127,237817
2118.719727,235802
2119.933594,236531
2121.146729,234783
2122.359375,232492
2123.571045,231816
2124.782227,232947
2125.992432,229635
2127.20166,230149
2128.4104,229066
2129.618408,227065
2130.825684,227655
2132.032227,226812
2133.238281,226141
2134.443359,223178
2135.647461,223059
2136.851074,222672
2138.053955,221741
2139.256348,219929
2140.457764,220072
2141.658203,219262
2142.858398,217539
2144.057861,217034
2145.256348,215955
2146.454102,215050
2147.651123,214961
2148.847656,215043
2150.043213,212049
2151.238037,212540
2152.432129,212009
2153.625488,210159
2154.818115,209933
2156.010254,209064
2157.20166,206480
2158.392334,205233
2159.582031,205431
2160.77124,202707
2161.959473,202845
2163.146729,202304
2164.333984,201441
2165.520264,202134
2166.705566,200468
2167.890625,199952
2169.074463,198485
2170.258057,197610
2171.440674,197336
2172.622314,196744
2173.803467,197004
2174.984131,196923
2176.163818,195990
2177.342773,195757
2178.52124,194866
2179.69873,195017
2180.875244,194119
2182.051758,191229
2183.227051,191800
2184.401611,191462
2185.575928,189645
2186.749268,188244
2187.921875,189049
2189.093506,187358
2190.264404,187197
2191.435059,187768
2192.604736,185768
2193.773926,184560
2194.942139,184918
2196.109619,183716
2197.276611,183980
2198.442627,182291
2199.608154,183128
2200.772949,182032
2201.937012,180313
2203.100342,180984
2204.262939,178611
2205.424805,179741
2206.585693,178093
2207.746338,179165
2208.906006,177890
2210.065186,178276
2211.223389,176416
2212.381348,176602
2213.537842,176764
2214.694336,174899
2215.849854,175432
2217.004639,174715
2218.158691,172697
2219.312256,173879
2220.465088,173743
2221.616943,172233
2222.768311,172125
2223.918701,171769
2225.068604,171603
2226.218018,170851
2227.366455,169286
2228.51416,169583
2229.661133,168239
2230.807861,167971
2231.953613,166431
2233.098145,167026
2234.242432,167596
2235.38623,166136
2236.529053,165503
2237.670898,164206
2238.812744,163274
2239.953369,164089
2241.093506,164802
2242.232666,162410
2243.371582,162256
2244.509521,160980
2245.646729,160957
2246.783447,156547
2247.919434,160051
2249.054688,158090
2250.188965,158056
2251.322754,157812
2252.456055,156765
2253.588135,156061
2254.720215,156083
2255.851318,155781
2256.981689,154354
2258.111328,154850
2259.240234,154346
2260.368408,153317
2261.496094,153464
2262.622803,152080
2263.749023,151011
2264.874756,150695
2265.999268,150272
2267.123291,149803
2268.246826,149210
2269.369629,148298
2270.491699,147527
2271.613281,147320
2272.733887,146966
2273.85376,145566
2274.973145,145625
2276.091553,145359
2277.209473,143434
2278.326904,142931
2279.443359,142055
2280.559326,143233
2281.674316,141312
2282.789063,141114
2283.902588,140046
2285.015625,141068
2286.128174,138538
2287.23999,138744
2288.351074,138137
2289.46167,137436
2290.571045,136602
2291.680176,137614
2292.788574,136355
2293.89624,134450
2295.003174,134943
2296.109375,133585
2297.215088,131948
2298.319824,132446
2299.424316,132229
2300.527588,131306
2301.630615,130872
2302.73291,130966
2303.834473,130351
2304.935303,127908
2306.035645,128783
2307.13501,127428
2308.234131,127873
2309.332031,128091
2310.429443,125242
2311.526123,127479
2312.622314,125821
2313.718018,126870
2314.812988,124751
2315.906738,124216
2317.000244,123158
2318.093018,123777
2319.185059,122610
2320.276367,122499
2321.367188,120277
2322.457275,123113
2323.546875,122730
2324.635498,122757
2325.7229,125557
2326.810547,125991
2327.897217,127035
2328.983154,126583
2330.068848,125883
2331.153564,124694
2332.237549,121953
2333.320801,120022
2334.40332,118926
2335.485596,117926
2336.566895,116381
2337.647705,116012
2338.727539,115571
2339.807129,115044
2340.885742,115024
2341.963623,113066
2343.041016,112746
2344.117676,112478
2345.193359,113049
2346.269043,111940
2347.343994,111061
2348.417725,112498
2349.490723,110717
2350.563477,109971
2351.635742,109521
2352.707275,109030
2353.777832,108454
2354.8479,108062
2355.917236,107535
2356.986084,106215
2358.053955,105506
2359.121338,106946
2360.188232,106101
2361.25415,105398
2362.319824,105078
2363.384277,104300
2364.448486,103886
2365.511719,104267
2366.574463,103632
2367.636719,102998
2368.698242,103313
2369.759033,102718
2370.819092,102386
2371.878662,101568
2372.937744,102020
2373.995361,101569
2375.052979,102522
2376.110107,101477
2377.16626,101948
2378.221924,100393
2379.276855,98865
2380.331055,99074
2381.384521,98425
2382.4375,98684
2383.489746,97089
2384.541504,96543
2385.592529,97422
2386.642822,95638
2387.692627,96329
2388.741455,95792
2389.789551,95720
2390.837646,95645
2391.884521,96167
2392.931152,94380
2393.976807,95475
2395.021729,93772
2396.066406,93282
2397.110107,94245
2398.15332,93628
2399.195801,92272
2400.237793,91430
2401.279053,90818
2402.319824,91573
2403.359863,89556
2404.398926,89647
2405.4375,91686
2406.475342,89780
2407.512939,91284
2408.549805,90430
2409.585693,89117
2410.621338,89147
2411.656006,89744
2412.690186,88277
2413.723389,88374
2414.756348,87966
2415.788574,87125
2416.820313,89703
2417.851074,87619
2418.881348,87253
2419.911133,86370
2420.939941,86493
2421.968262,85919
2422.99585,87373
2424.023438,84127
2425.049805,85599
2426.075684,84461
2427.10083,83843
2428.125244,84908
2429.14917,85699
2430.172607,83630
2431.195313,83328
2432.217041,84127
2433.238525,83138
2434.259277,84320
2435.279297,83196
2436.29834,83583
2437.317383,82234
2438.335693,82203
2439.353027,81617
2440.370361,82560
2441.386475,80906
2442.401855,82322
2443.417236,82627
2444.431152,81121
2445.445068,81328
2446.458252,81812
2447.470703,81130
2448.482422,80221
2449.493896,79243
2450.504639,79593
2451.51416,80210
2452.523682,80198
2453.532227,78885
2454.540527,79237
2455.547852,79048
2456.554932,78737
2457.561035,79080
2458.56665,77910
2459.571289,77509
2460.575195,77262
2461.579102,78201
2462.582275,76655
2463.584717,76815
2464.586426,76660
2465.587891,75915
2466.588135,76259
2467.587891,75894
2468.587158,74890
2469.585938,75330
2470.584229,73632
2471.581543,74166
2472.578613,74930
2473.574707,73571
2474.570068,73163
2475.565186,72449
2476.55957,73191
2477.553223,72217
2478.545898,71860
2479.53833,72060
2480.530518,72315
2481.521484,71021
2482.511963,72838
2483.501953,70687
2484.491455,71954
2485.480713,69776
2486.468506,72334
2487.456055,69865
2488.442871,69831
2489.428955,68572
2490.414795,68204
2491.399658,68956
2492.384521,68116
2493.368164,67970
2494.35083,67060
2495.333984,67380
2496.315674,66286
2497.297119,67382
2498.277588,66011
2499.257813,66569
2500.237061,65787
2501.216064,65766
2502.19458,65012
2503.172119,65587
2504.148926,63814
2505.125977,65249
2506.101318,64826
2507.076904,63768
2508.051514,63256
2509.025391,62964
2509.998779,62072
2510.971436,62108
2511.943604,62501
2512.915283,62483
2513.886475,62090
2514.856445,61055
2515.826172,63109
2516.795654,61068
2517.76416,61333
2518.732178,60511
2519.699463,60646
2520.66626,59961
2521.63208,61155
2522.597412,60947
2523.562256,59416
2524.526611,59734
2525.490723,60035
2526.453613,59586
2527.416016,60747
2528.377686,60219
2529.339111,58507
2530.299805,59347
2531.26001,59201
2532.219727,59521
2533.178467,57717
2534.136719,58059
2535.094238,57273
2536.052002,59142
2537.008057,57298
2537.963867,57021
2538.919678,57835
2539.873779,55935
2540.828125,56875
2541.781494,57334
2542.734375,56702
2543.686768,57025
2544.638184,56039
2545.5896,56443
2546.539795,56020
2547.490234,56033
2548.439209,54637
2549.387939,56207
2550.335938,55605
2551.283447,55952
2552.230225,54996
2553.176514,54734
2554.122803,55101
2555.067871,54083
2556.012451,53339
2556.956055,54656
2557.899414,54536
2558.842529,53730
2559.784424,54474
2560.726318,52904
2561.667236,52923
2562.608154,53565
2563.547607,52923
2564.487061,53404
2565.425537,51773
2566.363281,51991
2567.301025,51993
2568.238037,51678
2569.174561,53110
2570.109863,51931
2571.045166,52761
2571.979492,50353
2572.913086,51114
2573.847168,51258
2574.779297,51523
2575.711914,51068
2576.643555,51960
2577.574951,51512
2578.505127,48651
2579.43457,50823
2580.364258,49376
2581.292969,49993
2582.221191,48997
2583.148438,48758
2584.075684,48583
2585.002197,47778
2585.928467,49975
2586.853271,48398
2587.777344,48730
2588.702148,49540
2589.625,48563
2590.54834,48121
2591.470459,49064
2592.392334,48131
2593.313232,47794
2594.233643,47919
2595.154297,48448
2596.073242,47112
2596.992432,46627
2597.910645,46441
2598.828369,46486
2599.745605,46229
2600.661621,47333
2601.578369,45825
2602.493408,46404
2603.408447,46509
2604.322754,45808
2605.236572,44159
2606.149658,45255
2607.062012,44219
2607.974121,45101
2608.88501,45316
2609.796387,44569
2610.706299,43265
2611.616455,42816
2612.525391,43726
2613.434082,43226
2614.342041,42590
2615.249268,42575
2616.156494,42536
2617.0625,42421
2617.968506,42619
2618.873291,42836
2619.778564,42692
2620.682129,41908
2621.585205,42844
2622.489014,41843
2623.390625,41901
2624.292725,40695
2625.193604,41025
2626.094727,39904
2626.994385,39803
2627.893555,39844
2628.792725,38859
2629.691162,40354
2630.589355,40217
2631.486328,38213
2632.383545,40461
2633.279053,38852
2634.174805,39669
2635.069824,39909
2635.964355,38420
2636.858398,37725
2637.751465,37924
2638.644531,38496
2639.536377,38636
2640.428467,38311
2641.319092,38558
2642.209717,37730
2643.099854,37185
2643.989258,36798
2644.878174,36661
2645.766846,37460
2646.654297,37635
2647.541748,36428
2648.427979,37224
2649.314697,37274
2650.199707,36762
2651.084961,34171
2651.969482,36528
2652.853516,34675
2653.736816,36248
2654.619141,35431
2655.501709,35269
2656.383545,36315
2657.264893,35592
2658.14502,36045
2659.025635,36186
2659.905029,33660
2660.783447,36309
2661.661865,35146
2662.539551,34553
2663.417236,35119
2664.293701,34148
2665.170654,33834
2666.046143,33347
2666.921387,32803
2667.795898,33482
2668.669434,33540
2669.543213,34423
2670.41626,32660
2671.288818,31582
2672.1604,31889
2673.031738,32759
2673.902344,32832
2674.772461,31978
2675.642822,31331
2676.511719,31767
2677.380371,31517
2678.248291,31110
2679.115967,30699
2679.982666,31212
2680.848877,30586
2681.715088,30729
2682.580322,30973
2683.445557,22252
2684.30957,29640
2685.17334,29842
2686.036377,31120
2686.898926,29454
2687.761475,30209
2688.622803,29821
2689.484375,29736
2690.344727,29339
2691.204834,28308
2692.063721,28508
2692.923584,28263
2693.78125,28401
2694.639404,28963
2695.496826,27981
2696.353271,28653
2697.209961,28748
2698.06543,28244
2698.920898,28732
2699.775391,28342
2700.629395,28619
2701.483398,28812
2702.336182,28164
2703.188965,27852
2704.041016,28723
2704.892578,28450
2705.743408,27592
2706.59375,28533
2707.443848,27694
2708.293213,28260
2709.142334,27196
2709.990479,27785
2710.838379,26766
2711.685303,27271
2712.532715,27561
2713.378662,26760
2714.224365,27476
2715.06958,27200
2715.914307,26659
2716.758789,27883
2717.602295,27543
2718.445557,27379
2719.287842,26449
2720.129639,26989
2720.971191,26685
2721.812256,27104
2722.653076,27113
2723.49292,26615
2724.33252,26474
2725.171631,26740
2726.009766,26311
2726.8479,26760
2727.684814,26873
2728.522217,26243
2729.358398,27336
2730.19458,26437
2731.029785,26736
2731.864502,26050
2732.698975,26572
2733.532471,24719
2734.366211,24748
2735.198975,25986
2736.03125,24945
2736.862793,24615
2737.694336,24609
2738.524902,24064
2739.354736,24332
2740.184814,23090
2741.013916,24171
2741.842773,23945
2742.670898,23268
2743.499023,24584
2744.325928,22918
2745.152588,23128
2745.97876,24224
2746.804199,22599
2747.629639,22840
2748.453857,22131
2749.278564,22996
2750.102051,22922
2750.924805,22532
2751.747803,22170
2752.56958,22308
2753.391602,21824
2754.212402,21389
2755.033447,21094
2755.853271,19856
2756.672607,21294
2757.492188,22153
2758.310791,19691
2759.128906,21588
2759.946289,20007
2760.763672,20491
2761.580078,21049
2762.39624,20850
2763.211914,20113
2764.026855,20803
2764.841553,20784
2765.655762,20053
2766.469727,20885
2767.282471,19941
2768.095459,19937
2768.907227,19028
2769.71875,19927
2770.530518,19409
2771.34082,19972
2772.151123,18491
2772.960693,19857
2773.77002,19740
2774.578369,19236
2775.386719,20415
2776.19458,19374
2777.001709,18960
2777.808594,18892
2778.614746,18529
2779.420898,19454
2780.22583,18617
2781.030273,18654
2781.834961,17339
2782.638672,17973
2783.441895,19041
2784.245117,18360
2785.047363,17079
2785.848877,19322
2786.650635,18241
2787.451416,17628
2788.251709,17965
2789.052002,18031
2789.85083,16193
2790.650391,17574
2791.448975,17197
2792.246826,16966
2793.044189,17417
2793.841064,16047
2794.637695,16696
2795.433838,15458
2796.229736,16401
2797.024658,16342
2797.81958,15702
2798.613281,15516
2799.407471,15678
2800.200684,16077
2800.993408,16104
2801.785645,15933
2802.577393,16460
2803.369141,14955
2804.159424,16591
2804.949951,15495
2805.73999,15237
2806.529297,15306
2807.318604,14665
2808.106689,14654
2808.89502,15399
2809.682373,14704
2810.469482,14570
2811.255615,14046
2812.041748,14780
2812.827881,14269
2813.613037,15189
2814.397705,14890
2815.181885,14979
2815.966064,14594
2816.749268,14318
2817.531738,14769
2818.314453,14380
2819.096191,14340
2819.878174,14228
2820.658936,14154
2821.439453,8667
2822.219482,14860
2822.998779,14673
2823.778076,16024
2824.557129,13793
2825.335205,14998
2826.113037,16018
2826.890625,15260
2827.667236,16164
2828.443848,14857
2829.219727,14768
2829.995117,14328
2830.770264,14771
2831.544678,15882
2832.319092,15867
2833.092529,16300
2833.865967,16336
2834.638184,16558
2835.4104,16068
2836.182617,16582
2836.953613,17011
2837.725098,17846
2838.495361,19718
2839.265137,19473
2840.034912,19778
2840.803711,21995
2841.572998,20383
2842.34082,21889
2843.108643,22677
2843.875977,22628
2844.642822,24357
2845.40918,24623
2846.175537,25102
2846.940918,25501
2847.705811,26108
2848.470703,26190
2849.234619,26715
2849.998779,27161
2850.761719,27652
2851.524658,27364
2852.287109,27767
2853.049072,27242
2853.810547,26506
2854.572021,28459
2855.33252,27074
2856.092285,26003
2856.852783,26347
2857.611816,26378
2858.370361,25818
2859.128906,25487
2859.886719,25567
2860.644775,23735
2861.401611,25682
2862.158691,23936
2862.914551,24663
2863.670166,25887
2864.42627,24353
2865.180908,21671
2865.935547,25294
2866.689697,24143
2867.443359,25323
2868.196045,23513
2868.948975,25100
2869.70166,23617
2870.453613,24337
2871.205078,24593
2871.956055,24887
2872.707031,24597
2873.456787,24536
2874.207031,23197
2874.956055,23682
2875.704834,22611
2876.453613,22645
2877.20166,21890
2877.949463,22118
2878.696533,21062
2879.443848,21625
2880.189941,20780
2880.935547,22354
2881.681396,21498
2882.426025,21389
2883.171631,21381
2883.915527,21915
2884.659668,20341
2885.402588,22112
2886.145508,21554
2886.888184,20488
2887.630127,19594
2888.372314,20637
2889.113525,18751
2889.854736,20025
2890.594971,19698
2891.334961,18984
2892.074707,19201
2892.813965,19673
2893.552979,18632
2894.291016,18870
2895.029541,18418
2895.76709,17290
2896.504395,15730
2897.240723,18408
2897.977051,16327
2898.713379,17506
2899.448486,17360
2900.184082,17219
2900.918701,16297
2901.65332,16297