-90.074455,76112
-87.475525,76112
-84.878387,79262
-82.283012,83596
-79.68943,86885
-77.097618,90994
-74.507576,96818
-71.919327,101539
-69.33284,107377
-66.748123,114804
-64.165184,122077
-61.584,133764
-59.004585,145329
-56.426945,162154
-53.851059,311226
-51.276936,6510794
-48.704571,14144429
-46.133968,17440348
-43.565121,18588222
-40.998032,19679002
-38.43269,20787844
-35.869099,21282432
-33.307266,21652524
-30.747177,21993854
-28.188831,22221928
-25.632233,22357560
-23.077379,22456776
-20.524275,22480110
-17.9729,22475656
-15.42327,22321660
-12.87538,22307718
-10.32922,22227532
-7.784794,22021276
-5.2421,21782332
-2.701137,21591962
-0.161911,21112580
2.375594,20339456
4.911373,18836540
7.44542,16560749
9.977751,6365113
12.508361,2516836
15.037251,2644349
17.564425,3365893
20.08987,3373753
22.613609,2395913
25.135633,1137718
27.655939,524690
30.174541,385176
32.691437,313677
35.206623,260454
37.720104,237191
40.231876,218410
42.741955,203966
45.250309,192682
47.756985,184302
50.261955,181300
52.765236,168415
55.266819,149823
57.766708,136285
60.264904,125164
62.761395,109897
65.256203,100528
67.749336,96426
70.240784,89261
72.730537,83609
75.21862,82280
77.705017,83372
80.189735,81282
82.672775,76283
85.154114,71293
87.633804,67872
90.111816,64035
92.588165,65949
95.062836,63999
97.535828,64617
100.007156,61086
102.476814,58477
104.944817,56847
107.411156,58194
109.875832,58515
112.338852,57593
114.800217,58929
117.259918,60956
119.717949,62626
122.174362,64523
124.629089,67437
127.082176,71088
129.5336,78063
131.983414,85948
134.431564,98733
136.878052,114349
139.322906,135702
141.766083,165647
144.207657,203734
146.647598,259741
149.085892,335309
151.522552,436869
153.957581,564804
156.390961,722330
158.822739,912040
161.252884,1121822
163.681381,1342181
166.108246,1556749
168.533493,1753498
170.957108,1917794
173.379089,2044322
175.799469,2145759
178.218231,2218694
180.635361,2270364
183.050888,2326188
185.464813,2387203
187.87709,2470870
190.287781,2574885
192.696838,2699731
195.104309,2858843
197.510147,3053462
199.914398,3268711
202.317062,3471534
204.718079,3677400
207.117523,3859244
209.51532,4004635
211.911545,4116471
214.306168,4180276
216.699219,4229741
219.090652,4247409
221.480499,4257858
223.868744,4272506
226.255417,4278390
228.640503,4289854
231.023972,4288880
233.405869,4296916
235.786179,4303979
238.164917,4322050
240.542038,4317498
242.917618,4322661
245.291611,4335521
247.664001,4340010
250.03479,4344352
252.404053,4354540
254.771744,4368847
257.137848,4374532
259.50238,4380557
261.865326,4392831
264.226746,4390976
266.586548,4386097
268.944824,4393166
271.301544,4399245
273.656677,4392337
276.010223,4399319
278.362244,4385100
280.712708,4364733
283.061584,4349701
285.408905,4343164
287.7547,4338029
290.098938,4328905
292.441589,4323010
294.782745,4327836
297.122345,4345941
299.460388,4349256
301.796844,4369477
304.131775,4336664
306.465179,4330654
308.797028,4330969
311.127319,4329774
313.456146,4336677
315.783386,4332639
318.10907,4328783
320.433228,4335420
322.75589,4340735
325.076904,4333662
327.396484,4345352
329.714569,4345930
332.031036,4350499
334.346039,4358317
336.659485,4363466
338.971405,4362296
341.281799,4375452
343.590698,4372808
345.898071,4376299
348.203918,4397195
350.50824,4410504
352.811035,4427413
355.112366,4435702
357.41217,4446054
359.710388,4458480
362.007141,4457948
364.302399,4475384
366.5961,4473457
368.888336,4476008
371.179077,4466967
373.468323,4473160
375.756042,4476725
378.042267,4469487
380.326965,4457983
382.610199,4444997
384.891907,4438649
387.172119,4443421
389.450836,4426576
391.728088,4421486
394.003784,4413679
396.278076,4417182
398.550812,4394920
400.822052,4385261
403.091858,4360443
405.360199,4357809
407.626984,4353393
409.892334,4340742
412.156128,4337555
414.418549,4328613
416.679352,4311884
418.938782,4316381
421.196716,4304983
423.453125,4287469
425.70816,4284447
427.961609,4278822
430.213715,4270839
432.464233,4262180
434.713379,4259515
436.960968,4243228
439.207123,4229065
441.451782,4233430
443.695038,4243527
445.936798,4238787
448.177124,4233918
450.415985,4239026
452.65332,4244813
454.889252,4247002
457.123688,4242987
459.35675,4246564
461.588287,4249761
463.81842,4245698
466.047058,4248478
468.274323,4254414
470.500061,4304117
472.724396,4275766
474.947235,4244069
477.168701,4229836
479.388611,4230447
481.607178,4230944
483.824249,4238080
486.039856,4254426
488.254089,4272512
490.466827,4292017
492.678192,4314438
494.888092,4316137
497.096588,4290549
499.303619,4299337
501.509216,4309954
503.713409,4312283
505.916168,4319013
508.117432,4329015
510.317352,4332489
512.515808,4325498
514.712891,4320075
516.908508,4319690
519.102722,4309174
521.295471,4300819
523.486755,4298838
525.676758,4287287
527.865234,4288945
530.052368,4267667
532.237976,4254369
534.422302,4245972
536.605164,4236043
538.786621,4219799
540.966675,4207060
543.145386,4198173
545.322571,4205070
547.498474,4181606
549.672852,4159154
551.845947,4151377
554.017456,4169525
556.187744,4169830
558.356506,4162304
560.523926,4131256
562.689941,4111075
564.854553,4098147
567.017822,4098554
569.179626,4098994
571.340088,4109235
573.499146,4119814
575.65686,4136029
577.813049,4125129
579.967896,4116757
582.12146,4084022
584.27356,4053142
586.424255,4020566
588.573608,4002632
590.721558,3998483
592.868164,3994823
595.013367,3989734
597.157166,3989668
599.299622,3991101
601.440674,3981770
603.580322,3979108
605.718628,3981672
607.855652,3973063
609.991211,3979992
612.125488,3971312
614.258301,3968669
616.389771,3965989
618.519897,3961853
620.648621,3958231
622.776001,3960467
624.901978,3977486
627.026672,4037193
629.149841,4071582
631.271851,4055969
633.392395,3979702
635.511658,3931870
637.629517,3948809
639.745972,3965706
641.861145,3981732
643.974915,4011274
646.087341,4018429
648.198486,4018166
650.308228,4005848
652.416626,3984258
654.523682,3994090
656.629395,4027492
658.733704,4033288
660.83667,4028245
662.938416,4025294
665.038696,4011570
667.137695,3995780
669.235352,3976949
671.331665,3976325
673.426697,3947021
675.520325,3945276
677.612488,3946017
679.703491,3967752
681.793152,3905512
683.881531,3890252
685.968445,3885308
688.054138,3881952
690.138428,3901259
692.221436,3939716
694.303162,3953492
696.383423,3945951
698.462463,3861391
700.540161,3819634
702.616577,3794473
704.691528,3780169
706.76532,3777000
708.837646,3774509
710.908875,3768875
712.978577,3758333
715.047058,3742243
717.114197,3739403
719.180054,3735689
721.244568,3725726
723.307922,3726492
725.369751,3724102
727.430298,3711718
729.489624,3721031
731.547546,3713612
733.604309,3715598
735.659607,3715399
737.713806,3714952
739.766541,3712646
741.818054,3705562
743.868164,3708306
745.917053,3710324
747.964661,3709069
750.010925,3712133
752.055908,3733992
754.09967,3731414
756.14209,3752436
758.183105,3771742
760.222961,3783029
762.261475,3784829
764.298706,3773879
766.334717,3773274
768.369385,3776520
770.40271,3777128
772.434875,3774102
774.465637,3772870
776.495178,3767670
778.523438,3770230
780.550415,3757967
782.57605,3754116
784.600525,3740514
786.623657,3731784
788.645569,3724336
790.666077,3717786
792.685364,3710662
794.703369,3705288
796.720154,3691886
798.735596,3697487
800.749878,3695563
802.762817,3669000
804.774536,3654429
806.784912,3651259
808.794067,3642228
810.801941,3632896
812.808594,3616450
814.814026,3613735
816.818115,3591438
818.820862,3586164
820.822449,3578759
822.822876,3550770
824.821838,3536662
826.819702,3527543
828.816284,3511798
830.811584,3492895
832.805603,3480209
834.798401,3469808
836.789978,3465067
838.780273,3460937
840.769226,3455986
842.75708,3447459
844.743652,3447113
846.728943,3442052
848.712891,3440696
850.695862,3442644
852.677429,3448216
854.657715,3440763
856.63678,3438309
858.614624,3436214
860.591309,3446365
862.566589,3452333
864.54071,3451301
866.513672,3465323
868.485352,3456525
870.45575,3458762
872.424927,3463257
874.392883,3460709
876.35968,3459251
878.325134,3460879
880.289307,3463520
882.25238,3456406
884.214294,3458521
886.174744,3468123
888.134155,3466197
890.092285,3470643
892.049133,3467440
894.004883,3465412
895.959351,3464853
897.91272,3475328
899.864502,3462050
901.81543,3465263
903.765015,3455389
905.71344,3450591
907.660645,3441769
909.606506,3433436
911.551331,3414484
913.494873,3404506
915.437012,3391213
917.378174,3381039
919.318176,3372342
921.256714,3355194
923.194214,3349036
925.130615,3332573
927.065613,3324993
928.999451,3316010
930.932129,3313871
932.863586,3304086
934.793884,3288155
936.722839,3275578
938.650696,3265931
940.577454,3250703
942.502869,3241860
944.427063,3228912
946.350037,3224081
948.271973,3215020
950.192627,3209007
952.112122,3200194
954.030457,3185685
955.947571,3183162
957.863403,3180404
959.778137,3176489
961.69165,3165320
963.604065,3171951
965.515076,3164044
967.42511,3156924
969.333923,3157683
971.241516,3159786
973.147827,3158561
975.053101,3143846
976.957153,3142718
978.859985,3148646
980.761719,3153748
982.662231,3151085
984.561584,3153398
986.459656,3152019
988.356689,3151416
990.252502,3154556
992.147156,3162219
994.040527,3173173
995.932861,3183880
997.824036,3183990
999.713989,3188717
1001.602661,3192923
1003.490356,3189080
1005.376831,3178863
1007.262085,3176596
1009.146057,3178852
1011.029114,3178444
1012.910828,3177648
1014.791321,3171572
1016.670837,3161279
1018.549194,3156422
1020.426392,3150217
1022.302246,3145399
1024.177124,3139098
1026.050781,3147291
1027.923218,3139015
1029.794556,3125703
1031.664673,3112009
1033.533936,3095364
1035.401855,3099401
1037.268433,3106511
1039.134033,3101391
1040.998535,3083764
1042.861572,3069425
1044.723877,3061899
1046.584839,3052749
1048.444702,3033512
1050.303345,3012057
1052.160889,2993938
1054.017456,2972950
1055.872559,2955547
1057.726563,2939946
1059.579712,2909758
1061.431641,2896719
1063.282349,2873851
1065.131714,2861966
1066.980225,2850570
1068.827515,2836114
1070.673462,2830040
1072.518555,2824383
1074.362427,2808963
1076.205322,2786407
1078.046753,2774352
1079.887329,2774087
1081.726563,2767608
1083.564819,2766685
1085.401978,2766986
1087.237915,2762452
1089.072754,2762698
1090.906616,2758931
1092.739014,2760595
1094.570435,2764262
1096.400757,2762404
1098.230103,2757955
1100.057983,2765598
1101.88501,2764313
1103.710938,2771079
1105.535645,2762496
1107.359131,2760740
1109.181763,2780760
1111.003174,2803232
1112.823242,2823364
1114.642456,2839362
1116.460449,2857924
1118.277344,2863113
1120.09314,2874385
1121.907837,2885723
1123.721436,2885135
1125.533936,2878866
1127.345093,2883887
1129.155396,2880476
1130.964722,2880860
1132.772583,2877279
1134.57959,2872514
1136.385498,2868079
1138.190186,2861914
1139.993652,2864910
1141.796143,2858623
1143.597656,2857365
1145.397827,2851434
1147.197021,2843374
1148.995239,2828146
1150.792114,2816426
1152.588135,2810724
1154.382813,2799210
1156.176636,2789204
1157.969116,2784284
1159.76062,2766468
1161.551025,2760116
1163.340332,2748193
1165.128784,2732067
1166.915894,2729395
1168.701904,2723394
1170.486694,2716983
1172.27063,2710962
1174.053345,2705896
1175.835327,2698189
1177.615723,2693945
1179.395386,2687160
1181.173706,2673634
1182.95105,2661185
1184.727417,2647480
1186.502319,2634341
1188.276489,2626424
1190.049683,2622120
1191.821655,2628501
1193.592407,2616400
1195.362183,2613594
1197.130859,2611489
1198.89856,2608854
1200.665039,2607674
1202.430664,2596967
1204.195068,2600014
1205.958252,2600064
1207.720459,2599604
1209.481567,2601185
1211.241943,2598645
1213.000977,2597874
1214.758911,2601236
1216.515869,2598091
1218.271606,2608650
1220.026367,2616355
1221.780029,2622094
1223.532715,2619928
1225.284302,2617831
1227.034668,2621031
1228.78418,2624298
1230.532593,2626646
1232.279907,2624957
1234.026123,2630094
1235.771362,2634763
1237.515381,2635665
1239.258545,2629252
1241.000488,2630242
1242.741455,2634293
1244.481445,2634514
1246.220215,2631797
1247.95813,2628729
1249.694824,2630670
1251.430542,2637885
1253.164917,2640698
1254.89856,2637031
1256.631226,2637713
1258.362549,2642342
1260.093018,2639358
1261.822388,2636353
1263.550781,2632897
1265.278076,2627730
1267.00415,2621867
1268.72937,2619732
1270.453491,2610491
1272.176514,2608725
1273.89856,2599834
1275.619751,2598724
1277.339844,2590369
1279.058472,2588087
1280.776367,2580691
1282.493286,2572973
1284.208984,2571163
1285.923706,2564614
1287.637573,2556167
1289.350098,2550856
1291.062012,2547955
1292.772461,2540955
1294.482056,2530451
1296.190552,2530527
1297.898071,2523378
1299.604614,2519928
1301.309937,2514653
1303.014404,2511442
1304.717773,2503419
1306.420166,2506852
1308.121582,2524038
1309.821899,2555184
1311.520874,2552172
1313.219238,2478375
1314.916382,2466397
1316.612671,2505326
1318.307861,2497291
1320.001953,2477162
1321.695068,2501709
1323.387207,2494416
1325.078247,2483517
1326.768311,2477320
1328.457397,2471120
1330.145264,2451374
1331.832275,2426956
1333.518433,2424405
1335.203247,2429737
1336.886963,2419369
1338.570068,2388724
1340.251953,2363567
1341.932861,2353095
1343.612671,2350897
1345.291626,2335749
1346.969482,2331490
1348.646362,2320971
1350.322144,2320025
1351.996826,2309682
1353.670776,2307319
1355.343628,2309808
1357.015259,2304865
1358.686035,2302771
1360.355957,2296463
1362.024536,2295997
1363.692383,2287756
1365.359131,2288035
1367.024902,2281636
1368.689697,2273540
1370.353394,2261299
1372.015991,2260088
1373.677734,2278476
1375.338501,2282062
1376.998291,2285655
1378.657104,2280961
1380.314819,2273460
1381.971436,2275598
1383.627319,2266330
1385.281982,2265009
1386.935791,2274117
1388.588501,2270872
1390.240479,2264804
1391.891113,2261596
1393.540771,2257018
1395.189453,2254013
1396.837402,2253978
1398.484253,2262625
1400.130005,2256548
1401.774902,2254503
1403.418579,2259684
1405.061523,2251290
1406.703247,2236020
1408.344116,2236656
1409.984131,2246714
1411.622925,2248047
1413.260742,2242332
1414.897827,2244036
1416.533813,2244135
1418.168701,2241071
1419.802612,2234537
1421.435669,2234389
1423.067749,2232045
1424.69873,2228675
1426.328735,2222244
1427.957886,2220524
1429.585938,2211775
1431.213013,2208524
1432.839111,2201760
1434.464355,2216167
1436.088501,2199403
1437.711548,2191196
1439.334106,2181214
1440.955322,2181555
1442.575317,2189847
1444.194946,2182182
1445.813232,2172873
1447.430542,2159549
1449.046875,2153704
1450.662231,2149737
1452.276978,2143698
1453.890381,2139106
1455.50293,2127017
1457.114502,2117749
1458.724976,2110693
1460.334595,2112570
1461.943237,2109352
1463.551147,2101174
1465.157715,2090739
1466.76355,2081898
1468.368286,2083300
1469.972168,2078462
1471.574951,2074766
1473.17688,2070816
1474.777954,2065337
1476.37793,2056077
1477.977051,2049248
1479.574951,2045573
1481.172241,2034116
1482.768311,2028383
1484.363403,2018719
1485.957764,2013063
1487.551025,2003358
1489.143433,1999447
1490.734741,1997642
1492.325317,1987276
1493.914673,1986073
1495.503296,1982751
1497.09082,1979917
1498.67749,1970302
1500.263306,1957457
1501.848022,1953397
1503.431641,1953670
1505.014526,1956782
1506.596558,1954727
1508.177246,1952604
1509.757324,1955972
1511.336304,1950581
1512.914429,1952972
1514.491577,1931813
1516.067871,1949754
1517.643188,1948198
1519.217407,1952188
1520.791016,1941472
1522.363403,1942811
1523.934692,1936803
1525.505127,1932033
1527.074951,1934475
1528.643555,1930162
1530.211426,1922279
1531.77832,1912441
1533.344116,1909021
1534.908936,1903056
1536.4729,1900756
1538.036011,1894287
1539.598267,1883751
1541.159302,1876467
1542.719727,1873217
1544.278931,1863347
1545.837524,1863264
1547.394653,1850579
1548.951294,1839353
1550.506958,1831057
1552.061768,1823283
1553.615479,1818832
1555.168213,1812467
1556.720093,1806053
1558.270996,1799514
1559.820923,1787979
1561.370117,1783478
1562.918335,1770389
1564.465576,1766184
1566.011963,1761261
1567.557373,1752089
1569.101807,1747201
1570.645264,1737842
1572.187866,1737702
1573.729492,1732857
1575.27063,1724370
1576.810425,1711595
1578.349365,1714906
1579.887573,1710225
1581.424438,1707524
1582.960449,1703021
1584.49585,1699741
1586.030273,1691591
1587.563843,1694384
1589.096313,1694220
1590.627808,1687866
1592.158691,1690636
1593.688232,1690703
1595.217041,1691817
1596.745117,1694072
1598.272217,1695606
1599.79834,1693383
1601.323486,1691631
1602.848022,1685906
1604.371338,1685498
1605.893677,1687034
1607.415161,1685231
1608.935913,1683846
1610.455933,1682556
1611.974609,1682646
1613.492676,1675514
1615.009766,1677045
1616.525635,1677650
1618.040894,1672205
1619.555176,1674753
1621.068726,1675111
1622.581177,1676092
1624.092896,1674112
1625.603516,1672305
1627.113525,1668876
1628.622192,1667302
1630.130249,1661909
1631.637451,1652499
1633.143677,1658341
1634.64917,1646725
1636.15332,1650745
1637.65686,1636698
1639.159424,1635622
1640.661133,1629637
1642.161865,1623708
1643.661865,1624316
1645.161011,1618766
1646.659302,1609010
1648.156616,1605352
1649.652832,1601830
1651.148193,1592718
1652.642822,1584933
1654.136475,1580710
1655.629272,1570481
1657.121216,1572152
1658.612305,1561027
1660.102417,1561081
1661.591431,1553436
1663.079956,1548438
1664.567383,1542387
1666.053955,1535914
1667.539673,1532703
1669.024414,1529696
1670.508423,1528155
1671.991577,1519698
1673.473267,1517603
1674.95459,1509969
1676.434937,1501976
1677.914551,1498734
1679.393311,1493221
1680.870972,1482338
1682.347778,1475042
1683.82373,1468737
1685.298584,1460136
1686.772949,1459294
1688.246338,1450573
1689.718872,1445041
1691.19043,1437742
1692.661133,1439246
1694.131104,1431825
1695.599609,1429687
1697.067749,1424903
1698.534912,1417487
1700.001221,1411795
1701.466919,1411764
1702.931274,1401727
1704.394897,1404298
1705.857666,1399642
1707.319702,1391884
1708.780762,1387860
1710.240967,1382173
1711.700439,1378139
1713.158813,1376266
1714.616455,1377033
1716.073242,1372062
1717.528809,1372530
1718.983765,1369999
1720.437866,1367041
1721.891235,1365436
1723.343628,1359275
1724.795166,1355354
1726.24585,1358091
1727.695435,1354825
1729.144287,1351974
1730.592529,1351782
1732.039673,1348322
1733.486084,1344547
1734.931519,1343921
1736.376221,1345551
1737.819946,1338779
1739.262573,1334704
1740.704468,1331653
1742.145874,1330699
1743.586182,1328080
1745.025757,1325385
1746.464355,1325982
1747.901978,1316255
1749.338623,1318051
1750.774658,1315217
1752.209839,1311755
1753.644165,1307405
1755.077637,1306840
1756.510254,1305428
1757.942017,1300371
1759.372925,1295007
1760.802734,1296386
1762.231812,1293078
1763.6604,1291922
1765.087891,1291444
1766.514526,1285094
1767.940308,1273470
1769.365234,1270755
1770.789063,1272671
1772.21228,1268791
1773.634644,1269456
1775.056274,1266611
1776.477051,1261084
1777.896851,1256431
1779.315796,1250915
1780.733887,1245397
1782.151123,1241087
1783.567505,1236034
1784.983154,1234226
1786.397827,1228158
1787.81189,1223943
1789.224854,1218183
1790.637085,1209814
1792.048584,1205665
1793.458862,1205008
1794.868652,1202219
1796.277466,1197481
1797.685425,1194308
1799.092773,1192625
1800.499023,1190787
1801.904541,1184650
1803.309082,1184311
1804.712891,1179456
1806.115967,1176617
1807.518066,1172210
1808.919312,1168024
1810.319824,1163878
1811.719604,1162822
1813.118408,1157027
1814.516113,1151849
1815.913208,1147269
1817.309448,1144958
1818.704956,1139607
1820.099731,1140527
1821.49353,1134384
1822.886475,1129460
1824.27832,1123362
1825.6698,1124508
1827.060303,1121195
1828.449829,1117788
1829.838745,1116113
1831.226685,1111308
1832.614014,1108446
1834.000244,1109340
1835.385498,1105049
1836.770142,1104264
1838.154053,1100509
1839.537109,1094015
1840.919312,1092879
1842.300659,1091689
1843.681274,1093603
1845.060791,1088763
1846.439575,1088589
1847.817627,1086604
1849.194946,1083222
1850.571411,1081506
1851.947144,1081774
1853.321899,1079379
1854.695923,1075647
1856.068726,1072296
1857.441162,1070441
1858.812622,1071933
1860.18335,1071694
1861.553101,1069728
1862.922485,1063181
1864.290527,1056877
1865.657593,1059132
1867.024292,1054205
1868.390015,1049733
1869.755005,1051087
1871.119141,1044587
1872.482666,1042688
1873.845093,1042510
1875.206909,1040600
1876.567505,1039357
1877.927734,1037643
1879.286865,1034727
1880.645264,1026324
1882.003052,1027533
1883.359985,1027629
1884.715698,1025378
1886.070801,1019909
1887.425049,1015702
1888.778931,1010255
1890.131592,1010893
1891.483521,1007097
1892.834717,999042
1894.185059,1000153
1895.534424,997633
1896.883057,994509
1898.231079,992664
1899.578125,991379
1900.924561,988426
1902.27002,982215
1903.614746,979794
1904.95874,975729
1906.301514,972727
1907.643799,971590
1908.985229,965013
1910.32605,958264
1911.665894,955593
1913.005005,952648
1914.343384,951486
1915.680786,943678
1917.017334,940429
1918.353149,938350
1919.688354,937817
1921.022583,932529
1922.355957,927853
1923.688721,925014
1925.02063,925166
1926.35144,920773
1927.681763,918123
1929.01123,912727
1930.339966,910734
1931.667969,902309
1932.994995,901386
1934.321289,900104
1935.646729,898206
1936.971313,894672
1938.295288,891247
1939.618286,889337
1940.940674,884890
1942.262207,883706
1943.58313,877253
1944.902954,875749
1946.222046,873758
1947.540283,869335
1948.858032,863761
1950.174805,865925
1951.490845,857885
1952.80603,858188
1954.120483,856306
1955.434082,847344
1956.746704,845900
1958.058838,845148
1959.370117,838307
1960.680542,840127
1961.990234,833343
1963.299438,836187
1964.607422,833158
1965.914795,834055
1967.221313,826235
1968.5271,822464
1969.832153,820631
1971.136108,815072
1972.439819,813717
1973.742432,812651
1975.044189,810948
1976.345093,806628
1977.645142,804804
1978.945068,805714
1980.243774,799781
1981.541748,795617
1982.838867,793511
1984.135254,789908
1985.43103,788927
1986.725586,787771
1988.019653,785118
1989.31311,783465
1990.605469,781889
1991.897217,780055
1993.18811,775616
1994.478516,775772
1995.767578,770866
1997.056519,765532
1998.344238,768829
1999.631348,769535
2000.917725,764286
2002.203369,761106
2003.488037,756045
2004.771851,760389
2006.054932,755383
2007.337524,754303
2008.619141,753233
2009.900146,752143
2011.180176,744143
2012.459717,748766
2013.738403,746058
2015.015869,744720
2016.293091,740724
2017.569458,742077
2018.844849,739221
2020.119751,737964
2021.393799,734548
2022.666992,733882
2023.939331,731595
2025.21106,731736
2026.481812,723662
2027.751953,733981
2029.021484,725564
2030.290161,724495
2031.557983,729302
2032.825073,726372
2034.091187,724591
2035.356934,722161
2036.621582,717265
2037.885742,711940
2039.149048,709034
2040.411621,705694
2041.67334,705963
2042.934448,705053
2044.194458,703504
2045.454102,703227
2046.712891,702591
2047.970825,698782
2049.228027,696312
2050.484619,693868
2051.740234,692206
2052.995117,688624
2054.249268,684874
2055.502686,679925
2056.755371,680790
2058.00708,680904
2059.258545,676952
2060.509033,672316
2061.758545,670385
2063.007324,670068
2064.255615,664710
2065.502686,665098
2066.749756,661745
2067.995605,659351
2069.240723,662212
2070.485107,658255
2071.728516,653175
2072.971191,645919
2074.213623,652266
2075.454834,648607
2076.695801,646898
2077.935547,643977
2079.174805,638561
2080.413086,638416
2081.650391,639325
2082.887451,633419
2084.123779,633604
2085.358887,631537
2086.593506,627028
2087.827637,624176
2089.060791,624755
2090.292969,626440
2091.524658,624574
2092.755615,621268
2093.98584,619500
2095.215332,617896
2096.443848,616942
2097.671875,614703
2098.89917,612073
2100.125732,614248
2101.351318,610370
2102.576416,607322
2103.800537,605883
2105.023926,608354
2106.246826,608149
2107.46875,603569
2108.689941,599389
2109.910645,595926
2111.130615,596637
2112.349365,593084
2113.567871,593145
2114.7854,589239
2116.002197,588115
2117.218262,586603
2118.433594,584087
2119.648193,578632
2120.862061,578545
2122.075195,576285
2123.287842,574910
2124.499512,575377
2125.710693,570955
2126.920898,569008
2128.130127,569760
2129.338867,566962
2130.546875,564160
2131.75415,561700
2132.960693,557106
2134.166748,559317
2135.371826,552942
2136.575928,545461
2137.779541,552274
2138.982422,548811
2140.184814,544247
2141.38623,546303
2142.58667,544099
2143.786865,539846
2144.986328,541870
2146.184814,535946
2147.382568,536087
2148.57959,532865
2149.776123,532438
2150.97168,528914
2152.166504,527260
2153.360596,525610
2154.553955,524751
2155.746582,519639
2156.938721,519952
2158.130127,514291
2159.320801,511307
2160.510498,509208
2161.699707,506009
2162.887939,506333
2164.075195,501745
2165.262451,500887
2166.44873,503764
2167.634033,500615
2168.819092,498724
2170.00293,495795
2171.186523,492986
2172.369141,491845
2173.550781,492027
2174.731934,491870
2175.912598,490399
2177.092285,489640
2178.27124,488557
2179.449707,486965
2180.627197,485152
2181.803711,484163
2182.980225,479047
2184.155518,480845
2185.330078,477774
2186.504395,475187
2187.677734,476176
2188.850342,474165
2190.021973,470995
2191.192871,470091
2192.363525,469892
2193.533203,467720
2194.702393,465160
2195.870605,464942
2197.038086,462713
2198.205078,463540
2199.371094,458591
2200.536621,460101
2201.701416,458745
2202.865479,456648
2204.028809,455757
2205.191406,452344
2206.353271,453228
2207.51416,451140
2208.674805,452151
2209.834473,451016
2210.993652,448235
2212.151855,445440
2213.309814,446693
2214.466309,444721
2215.622803,439691
2216.77832,441269
2217.933105,442702
2219.087158,438902
2220.240723,440442
2221.393555,437276
2222.54541,437446
2223.696777,436712
2224.847168,433836
2225.99707,436181
2227.146484,432252
2228.294922,429917
2229.442627,429506
2230.5896,428895
2231.736328,427081
2232.88208,424611
2234.026611,424315
2235.170898,423889
2236.314697,423787
2237.45752,420404
2238.599365,420289
2239.741211,416218
2240.881836,415164
2242.021973,417226
2243.161133,413599
2244.300049,414647
2245.437988,410723
2246.575195,409751
2247.711914,408371
2248.8479,407423
2249.983154,405793
2251.117432,402459
2252.251221,401959
2253.384521,402203
2254.516602,397998
2255.648682,397065
2256.779785,399460
2257.910156,397864
2259.039795,394410
2260.168701,394233
2261.296875,391651
2262.424561,393241
2263.55127,389730
2264.67749,387826
2265.803223,386023
2266.927734,384659
2268.051758,383486
2269.175293,384215
2270.298096,380593
2271.420166,379007
2272.541748,378358
2273.662354,375912
2274.782227,375936
2275.901611,372697
2277.02002,373269
2278.137939,369637
2279.255371,368244
2280.371826,367712
2281.487793,366686
2282.602783,362802
2283.717529,364111
2284.831055,362018
2285.944092,358250
2287.056641,357433
2288.168457,358201
2289.279541,355821
2290.390137,353100
2291.499512,353833
2292.608643,352365
2293.717041,352493
2294.824707,346034
2295.931641,347905
2297.037842,341522
2298.143555,341197
2299.248291,343640
2300.352783,341592
2301.456055,340447
2302.559082,339178
2303.661377,337219
2304.762939,335890
2305.86377,334133
2306.964111,331993
2308.063477,330972
2309.162598,331605
2310.260498,330297
2311.35791,327687
2312.45459,329333
2313.550781,326749
2314.646484,323946
2315.741455,322732
2316.835205,322380
2317.928711,321494
2319.021484,320647
2320.113525,318907
2321.204834,316361
2322.295654,315583
2323.385742,314298
2324.475342,316937
2325.563965,315540
2326.651367,318010
2327.739014,318725
2328.825684,319389
2329.911621,318020
2330.997314,314416
2332.082031,312535
2333.166016,309799
2334.249268,308375
2335.331787,305673
2336.414063,304368
2337.495361,302658
2338.576172,301380
2339.656006,301003
2340.735596,299185
2341.814209,299096
2342.89209,297341
2343.969482,295529
2345.046143,295780
2346.121826,294818
2347.19751,295144
2348.272461,292323
2349.346191,293303
2350.419189,289850
2351.491943,291236
2352.564209,288543
2353.635742,287026
2354.706299,283947
2355.776367,284144
2356.845703,284910
2357.914551,282013
2358.982422,280811
2360.049805,280419
2361.116699,279162
2362.182617,278776
2363.248291,276433
2364.312744,275120
2365.376953,274828
2366.440186,274080
2367.50293,272885
2368.565186,273494
2369.626709,273327
2370.6875,271426
2371.747559,271518
2372.807129,269571
2373.866211,268806
2374.923828,267757
2375.981445,269638
2377.038574,269724
2378.094727,268855
2379.150391,265341
2380.205322,261966
2381.259521,261466
2382.312988,259661
2383.365967,258220
2384.418213,258719
2385.469971,258058
2386.520996,257269
2387.571289,255571
2388.621094,255536
2389.669922,255566
2390.718018,255181
2391.766113,255412
2392.812988,253496
2393.859619,250804
2394.905273,251278
2395.950195,249909
2396.994873,248910
2398.038574,246558
2399.081787,246960
2400.124268,246454
2401.16626,245127
2402.20752,242336
2403.248291,243636
2404.28833,243362
2405.327393,241181
2406.365967,241662
2407.403809,240664
2408.441406,238874
2409.478271,239294
2410.51416,238433
2411.549805,237026
2412.584473,236699
2413.618652,234950
2414.651855,234578
2415.684814,234641
2416.717041,233827
2417.748779,232688
2418.779541,231805
2419.809814,232189
2420.8396,229662
2421.868408,229930
2422.896729,230019
2423.924316,230430
2424.951904,228502
2425.978271,227681
2427.00415,227611
2428.029297,227154
2429.053711,227221
2430.077637,226687
2431.101074,224819
2432.123779,223779
2433.145508,223555
2434.166992,223041
2435.187744,222523
2436.207764,223196
2437.226807,222815
2438.24585,220276
2439.26416,221144
2440.281494,219993
2441.298828,219463
2442.314941,219177
2443.330322,219235
2444.345703,219434
2445.359619,218342
2446.373535,218173
2447.386719,217998
2448.39917,215893
2449.410889,215579
2450.422363,214856
2451.433105,214366
2452.442627,214910
2453.452148,213412
2454.460693,212949
2455.468994,212075
2456.476318,209791
2457.483398,210488
2458.489502,209270
2459.495117,209338
2460.499756,207437
2461.503662,206378
2462.507568,206337
2463.510742,205731
2464.513184,205618
2465.514893,200856
2466.516357,202030
2467.516602,202713
2468.516357,201767
2469.515625,200230
2470.514404,200555
2471.512695,202212
2472.51001,198040
2473.50708,200256
2474.503174,199055
2475.498535,198772
2476.493652,198236
2477.488037,195361
2478.481689,195052
2479.474365,195247
2480.466797,195210
2481.458984,192579
2482.449951,192987
2483.44043,192302
2484.43042,191767
2485.419922,190778
2486.40918,190708
2487.396973,188496
2488.384521,188375
2489.371338,188688
2490.357422,186630
2491.343262,186097
2492.328125,184909
2493.312988,183351
2494.296631,183873
2495.279297,183540
2496.262451,180877
2497.244141,180967
2498.225586,180616
2499.206055,179380
2500.186279,178133
2501.165527,178804
2502.144531,176455
2503.123047,176909
2504.100586,174593
2505.077393,176583
2506.054443,174114
2507.029785,174322
2508.005371,172801
2508.97998,170947
2509.953857,170822
2510.927246,170867
2511.899902,168927
2512.87207,168787
2513.84375,169585
2514.814941,168815
2515.784912,169058
2516.754639,166436
2517.724121,167454
2518.692627,166789
2519.660645,165460
2520.62793,165495
2521.594727,166262
2522.560547,164600
2523.525879,166251
2524.490723,164741
2525.455078,164278
2526.419189,165458
2527.38208,163750
2528.344482,161713
2529.306152,164147
2530.267578,160794
2531.228271,161777
2532.188477,160984
2533.148193,160493
2534.106934,159305
2535.065186,161115
2536.022705,159160
2536.980469,157714
2537.936523,156992
2538.892334,158207
2539.848145,156986
2540.802246,157216
2541.756592,155821
2542.709961,155279
2543.662842,156114
2544.615234,155488
2545.56665,152121
2546.518066,152564
2547.468262,155433
2548.418701,152062
2549.367676,154872
2550.316406,152169
2551.264404,152450
2552.211914,151415
2553.158691,152136
2554.10498,150416
2555.05127,151452
2555.996338,150660
2556.940918,149947
2557.884521,148227
2558.827881,149103
2559.770996,148245
2560.712891,148271
2561.654785,146767
2562.595703,147698
2563.536621,146589
2564.476074,145805
2565.415527,145797
2566.354004,144178
2567.291748,144833
2568.229492,142483
2569.166504,143693
2570.103027,143323
2571.03833,142486
2571.973633,141253
2572.907959,140221
2573.841553,141717
2574.775635,140355
2575.707764,139060
2576.640381,140963
2577.572021,137781
2578.503418,137916
2579.433594,136835
2580.363037,137644
2581.292725,137325
2582.221436,136538
2583.149658,137589
2584.076904,133636
2585.00415,134643
2585.930664,135893
2586.856934,133833
2587.781738,134122
2588.705811,134606
2589.630615,134219
2590.553467,132897
2591.476807,133603
2592.398926,132132
2593.320801,131366
2594.241699,132283
2595.162109,131717
2596.082764,129855
2597.001709,128182
2597.920898,130160
2598.839111,128159
2599.756836,127307
2600.674072,126713
2601.590088,128687
2602.506836,126350
2603.421875,124327
2604.336914,126112
2605.251221,125008
2606.165039,124968
2607.078125,122086
2607.990479,121783
2608.902588,124085
2609.813477,122295
2610.724854,122201
2611.634766,120009
2612.544922,120648
2613.453857,120388
2614.362549,119438
2615.270508,118990
2616.177734,118616
2617.084961,118363
2617.990967,116509
2618.896973,119143
2619.801758,115417
2620.707031,118223
2621.610596,115080
2622.513672,115718
2623.41748,112020
2624.319092,115987
2625.221191,113498
2626.12207,113609
2627.023193,111311
2627.922852,113476
2628.822021,110401
2629.721191,113195
2630.619629,112403
2631.517822,112302
2632.414795,111678
2633.312012,111652
2634.20752,110045
2635.103271,109916
2635.998291,108340
2636.892822,110139
2637.786865,108028
2638.679932,109156
2639.572998,105262
2640.464844,108749
2641.356934,107369
2642.247559,107183
2643.138184,106080
2644.02832,107649
2644.917725,105759
2645.806641,104176
2646.695313,104424
2647.582764,104995
2648.470215,103117
2649.356445,105001
2650.243164,102887
2651.128174,103546
2652.013428,101478
2652.897949,102676
2653.781982,102168
2654.665283,100972
2655.547607,100972
2656.430176,100835
2657.312012,97930
2658.193359,101504
2659.073486,99138
2659.954102,97994
2660.833496,96992
2661.711914,99076
2662.590332,98141
2663.468018,96219
2664.345703,97177
2665.222168,95863
2666.099121,95842
2666.974609,94320
2667.849854,94311
2668.724365,92844
2669.5979,92209
2670.47168,93708
2671.344727,92151
2672.217285,90026
2673.088867,90114
2673.960205,90857
2674.830811,91546
2675.700928,88776
2676.571289,92021
2677.440186,87830
2678.308838,89349
2679.176758,88165
2680.044434,87284
2680.911133,86075
2681.777344,86653
2682.643555,87334
2683.508789,86847
2684.374023,74842
2685.238037,85609
2686.101807,85498
2686.964844,85845
2687.827393,84683
2688.689941,82588
2689.55127,84546
2690.412842,83141
2691.273193,83811
2692.133301,81608
2692.992188,81968
2693.852051,80911
2694.709717,82360
2695.567871,81893
2696.425293,82277
2697.281738,81254
2698.138428,79780
2698.993896,81155
2699.849365,81491
2700.703857,81233
2701.557861,79861
2702.411865,81028
2703.264648,79136
2704.117432,79937
2704.969482,78959
2705.821045,79118
2706.671875,78676
2707.522217,77825
2708.372314,77733
2709.22168,76971
2710.070801,78627
2710.918945,76569
2711.766846,78402
2712.61377,77664
2713.461182,76373
2714.307129,75162
2715.152832,78001
2715.998047,76365
2716.842773,73965
2717.687256,76230
2718.530762,76407
2719.374023,75481
2720.216309,74635
2721.058105,73692
2721.899658,74992
2722.740723,75980
2723.581543,72558
2724.421387,74608
2725.260986,73685
2726.100098,73749
2726.938232,72618
2727.776367,73217
2728.613281,73910
2729.450684,74111
2730.286865,73792
2731.123047,72297
2731.958252,73920
2732.792969,73222
2733.627441,72371
2734.460938,71771
2735.294678,71628
2736.127441,71726
2736.959717,70412
2737.79126,70383
2738.622803,71318
2739.453369,69523
2740.283203,70252
2741.113281,69787
2741.942383,70637
2742.77124,68606
2743.599365,70739
2744.42749,68631
2745.254395,68782
2746.081055,66462
2746.907227,70008
2747.732666,65628
2748.558105,68539
2749.382324,66524
2750.207031,67197
2751.030518,66085
2751.853271,66055
2752.67627,65151
2753.498047,64011
2754.320068,66530
2755.140869,65370
2755.961914,64061
2756.781738,63442
2757.601074,64704
2758.420654,63930
2759.239258,62668
2760.057373,63163
2760.874756,61530
2761.692139,61929
2762.508545,63770
2763.324707,61278
2764.140381,60182
2764.955322,63287
2765.77002,61532
2766.584229,59526
2767.398193,60797
2768.210938,61610
2769.023926,60419
2769.835693,59249
2770.647217,59815
2771.458984,60106
2772.269287,59874
2773.07959,59218
2773.88916,59709
2774.698486,59430
2775.506836,60790
2776.315186,59534
2777.123047,56366
2777.930176,57082
2778.737061,59002
2779.543213,57324
2780.349365,58915
2781.154297,58134
2781.95874,56849
2782.763428,55007
2783.567139,56930
2784.370361,56793
2785.173584,54976
2785.97583,55440
2786.777344,55563
2787.579102,54731
2788.379883,54148
2789.180176,54164
2789.980469,55000
2790.779297,54415
2791.578857,53756
2792.377441,53816
2793.175293,52409
2793.972656,53337
2794.769531,51598
2795.566162,52099
2796.362305,51175
2797.158203,51750
2797.953125,51333
2798.748047,51905
2799.541748,50704
2800.335938,51194
2801.12915,48659
2801.921875,50229
2802.714111,48755
2803.505859,48195
2804.297607,48762
2805.087891,47567
2805.878418,48849
2806.668457,45915
2807.457764,47774
2808.24707,46239
2809.035156,46255
2809.823486,45568
2810.61084,46862
2811.397949,46505
2812.184082,45780
2812.970215,46027
2813.756348,45562
2814.541504,45224
2815.326172,44592
2816.110352,44601
2816.894531,46626
2817.677734,45405
2818.460205,43610
2819.24292,45202
2820.024658,43969
2820.806641,43735
2821.587402,41715
2822.36792,35622
2823.147949,43434
2823.927246,44205
2824.706543,42895
2825.485596,42381
2826.263672,43524
2827.041504,42917
2827.819092,41720
2828.595703,43309
2829.372314,40961
2830.148193,40612
2830.923584,40930
2831.69873,41203
2832.473145,41147
2833.247559,41760
2834.020996,41531
2834.794434,40691
2835.56665,40859
2836.338867,39021
2837.111084,40352
2837.88208,41137
2838.653564,40989
2839.423828,40415
2840.193604,40542
2840.963379,40062
2841.732178,39897
2842.501465,39624
2843.269287,38847
2844.037109,39812
2844.804443,38165
2845.571289,40979
2846.337646,39681
2847.104004,39911
2847.869385,39202
2848.634277,39448
2849.39917,38555
2850.163086,38228
2850.927246,39773
2851.690186,39182
2852.453125,39326
2853.215576,39262
2853.977539,39533
2854.739014,38069
2855.500488,40465
2856.260986,39885
2857.020752,38204
2857.78125,38486
2858.540283,35456
2859.298828,39928
2860.057373,37440
2860.815186,37965
2861.573242,35004
2862.330078,38417
2863.087158,36515
2863.843018,36881
2864.598633,37480
2865.354736,38110
2866.109375,33620
2866.864014,37356
2867.618164,35788
2868.371826,35863
2869.124512,35972
2869.877441,36397
2870.630127,35893
2871.38208,35070
2872.133545,34527
2872.884521,37018
2873.635498,36229
2874.385254,35270
2875.135498,36053
2875.884521,35215
2876.633301,35142
2877.38208,34509
2878.130127,33821
2878.87793,34372
2879.625,32238
2880.372314,33639
2881.118408,32675
2881.864014,34277
2882.609863,33084
2883.354492,32653
2884.100098,32153
2884.843994,33352
2885.588135,31303
2886.331055,32959
2887.073975,33037
2887.81665,31989
2888.558594,30826
2889.300781,30334
2890.041992,29175
2890.783203,31629
2891.523438,29780
2892.263428,30220
2893.003174,28215
2893.742432,29377
2894.481445,28579
2895.219482,28331
2895.958008,27992
2896.695557,29332
2897.432861,25163
2898.169189,28094
2898.905518,25497
2899.641846,26458
2900.376953,27201
2901.112549,25635
2901.847168,25697
2902.581787,25697