-89.41861,18512
-86.822136,18512
-84.227394,58869
-81.634384,71863
-79.043098,74645
-76.453545,80145
-73.865723,82104
-71.279633,83781
-68.695267,84876
-66.112617,84751
-63.531693,84899
-60.952488,85769
-58.375008,85565
-55.79924,86042
-53.225193,84941
-50.652866,85839
-48.082245,86568
-45.51334,85835
-42.946152,86186
-40.380661,85200
-37.816883,86155
-35.254818,86352
-32.69445,86711
-30.135794,85133
-27.578835,85360
-25.023582,86073
-22.470028,86217
-19.918173,86945
-17.368006,85798
-14.819542,86376
-12.272774,86198
-9.727698,87482
-7.184314,88949
-4.64262,91584
-2.102614,94549
0.435704,95502
2.972336,95311
5.507291,91394
8.040555,87660
10.572138,84070
13.10204,76723
15.630262,48586
18.156807,30737
20.681675,20831
23.20488,14280
25.7264,10914
28.246248,9037
30.764425,7635
33.28093,6675
35.795773,6045
38.308952,5776
40.820465,5418
43.330299,5022
45.83849,4548
48.345001,4162
50.849869,3900
53.353081,3724
55.854618,3355
58.354515,3242
60.852741,3001
63.349331,2931
65.844254,2659
68.337532,2435
70.829155,2303
73.319153,2235
75.807495,2258
78.294182,2101
80.779236,1928
83.262627,1617
85.744408,1519
88.224525,1486
90.703026,1486
93.179871,1262
95.65509,1233
98.128677,1125
100.600624,1126
103.070938,1179
105.539619,1113
108.006683,1084
110.472115,1183
112.935921,1023
115.398109,948
117.858665,1012
120.317596,945
122.774895,911
125.230606,875
127.684685,828
130.137146,828
132.588013,1010
135.037216,893
137.484818,806
139.930862,883
142.375259,829
144.818024,753
147.259201,752
149.698776,787
152.136749,873
154.573135,752
157.007874,872
159.44104,884
161.872604,842
164.302567,689
166.730957,721
169.1577,732
171.58287,852
174.006454,782
176.428467,834
178.848862,862
181.267654,963
183.68486,1145
186.100525,1147
188.514557,1275
190.927048,1383
193.337906,1369
195.747208,1496
198.154938,1423
200.561111,1652
202.965622,1837
205.368637,1834
207.770035,2016
210.169891,2194
212.568176,2227
214.964828,2338
217.35997,2700
219.75354,2829
222.145538,3144
224.535934,3411
226.924789,3590
229.312088,3744
231.69783,3879
234.082001,3946
236.464584,3864
238.845657,3801
241.225159,3807
243.603119,3693
245.979477,3726
248.354294,3730
250.7276,3800
253.099335,3973
255.469528,4134
257.838104,4225
260.205231,4095
262.57074,3905
264.934753,3659
267.29718,3405
269.658081,3473
272.017456,3626
274.375275,3761
276.731598,4071
279.086304,4071
281.439545,4289
283.791229,4348
286.141388,4489
288.48999,4515
290.837036,4513
293.182617,4713
295.526642,4769
297.869141,4930
300.210114,4838
302.549561,4890
304.887482,5008
307.223907,4876
309.558777,5112
311.89212,5017
314.223999,5088
316.554291,4881
318.883118,4786
321.210419,4485
323.536194,4482
325.860474,4185
328.183228,4134
330.504456,4104
332.824188,4034
335.142426,4073
337.459167,4073
339.774414,4053
342.088104,4189
344.400299,4214
346.711029,4326
349.020233,4210
351.327972,4143
353.634186,4219
355.938904,4144
358.242126,4131
360.543854,4379
362.844086,4462
365.142792,4567
367.440094,4475
369.73584,4269
372.030151,4035
374.322906,3996
376.614197,4039
378.904022,3992
381.192383,3850
383.479218,3790
385.764618,3848
388.048462,3854
390.330902,4100
392.611786,4297
394.891296,4693
397.16925,5299
399.445801,5666
401.720825,5859
403.994415,5585
406.266541,5346
408.53717,4926
410.806274,4766
413.073975,4628
415.34021,4331
417.60498,3619
419.868256,3456
422.130096,2720
424.390533,2762
426.649414,3045
428.906952,3511
431.162842,3694
433.417419,3848
435.670502,4091
437.92215,4338
440.172333,4438
442.421051,4635
444.668396,4626
446.914215,4422
449.1586,4252
451.40155,4027
453.643005,3777
455.883057,3616
458.121674,3412
460.358795,3388
462.594574,3394
464.828857,3354
467.061676,3254
469.293091,3392
471.523071,3399
473.751556,3567
475.978668,3560
478.204346,3561
480.428589,3507
482.651428,3487
484.872833,3474
487.092743,3481
489.311279,3643
491.528381,3663
493.743988,3733
495.958252,3783
498.171082,3628
500.382477,3767
502.592468,3661
504.801025,3462
507.008209,3510
509.213928,3374
511.418243,3262
513.621094,3462
515.822632,3846
518.022644,4212
520.221313,4948
522.41864,5672
524.614441,6370
526.808899,6167
529.001953,6101
531.193481,5746
533.383606,5502
535.572449,5658
537.759949,5347
539.945923,5406
542.130493,5363
544.313721,5404
546.495544,5481
548.675964,5634
550.85498,5601
553.032593,5563
555.20874,5299
557.383667,4886
559.557068,4469
561.729126,4123
563.89978,3780
566.069092,3431
568.237,3299
570.403503,3174
572.568542,3237
574.7323,3269
576.894714,3274
579.055664,3541
581.21521,3748
583.373535,3949
585.530334,3925
587.685852,3888
589.839905,3479
591.992493,3278
594.14386,3064
596.293884,2886
598.442444,2804
600.5896,2817
602.735474,2796
604.880005,2751
607.023071,2724
609.164856,2675
611.305237,2657
613.444275,2659
615.581909,2694
617.71814,2799
619.853149,2662
621.986694,2747
624.118958,2781
626.249817,2949
628.379272,2950
630.507446,3109
632.634155,3274
634.759644,3506
636.883667,3730
639.00647,3991
641.127808,4148
643.247864,3985
645.366577,3985
647.483948,3640
649.599915,3321
651.714539,3223
653.82782,2875
655.939758,2777
658.050354,2564
660.159729,2597
662.267578,2538
664.374268,2545
666.479553,2498
668.583374,2416
670.685974,2460
672.787292,2524
674.887268,2689
676.98584,2663
679.083069,2723
681.179016,2753
683.27356,2814
685.366943,2621
687.458862,2725
689.549377,2614
691.638733,2694
693.726746,2797
695.813354,2667
697.898682,2839
699.982727,2771
702.06543,2792
704.146851,2798
706.226868,2730
708.305542,2703
710.382935,2698
712.459106,2685
714.533936,2613
716.607422,2583
718.679565,2589
720.750427,2659
722.819946,2579
724.888184,2561
726.955139,2686
729.02063,2580
731.085083,2910
733.148071,2953
735.209778,3122
737.270264,3355
739.329346,3330
741.387207,3172
743.443726,2997
745.498901,2925
747.552673,2889
749.605347,2724
751.656677,2564
753.706665,2669
755.755554,2652
757.802917,2476
759.84906,2370
761.893982,2432
763.937561,2311
765.979797,2221
768.020813,2317
770.060486,2272
772.098938,2256
774.136047,2118
776.171997,2247
778.206543,2324
780.239868,2132
782.271851,2307
784.302612,2229
786.332031,2126
788.360168,2228
790.387085,2063
792.412842,2072
794.437134,2197
796.460205,2184
798.482117,2193
800.502625,2121
802.52179,2190
804.539856,2132
806.556641,2231
808.572021,2178
810.586182,2044
812.599182,2193
814.61084,2163
816.621216,2183
818.630371,2218
820.638245,2059
822.644897,2103
824.650269,2154
826.654419,2262
828.657166,2261
830.658752,2446
832.65918,2499
834.658142,2506
836.656067,2596
838.652649,2717
840.648071,3253
842.641968,3758
844.634888,4910
846.626404,6127
848.616699,7003
850.605835,7087
852.593628,6759
854.5802,5647
856.565552,4730
858.549744,3833
860.532471,3289
862.51416,3109
864.494507,2942
866.473633,2950
868.451538,2925
870.428162,2605
872.403687,2575
874.377808,2293
876.35083,2389
878.322449,2346
880.292969,2587
882.262146,2504
884.230164,2492
886.197021,2361
888.162537,2253
890.126892,2285
892.089966,2361
894.051941,2343
896.012573,2276
897.972046,2350
899.930176,2508
901.887146,2525
903.842896,2809
905.797485,2934
907.750854,3256
909.702942,3484
911.65387,3565
913.603455,3586
915.552063,3860
917.499268,3808
919.445313,4117
921.390137,4089
923.333557,4121
925.276062,3952
927.217163,3523
929.157227,3242
931.096008,2908
933.033569,2815
934.969849,2675
936.905029,2753
938.838989,2934
940.771667,3064
942.703247,3128
944.633606,3108
946.562744,3120
948.490662,2856
950.417358,2787
952.342957,2431
954.267334,2346
956.190369,2243
958.112305,2217
960.033081,2147
961.952576,2223
963.871033,2011
965.788147,2075
967.704224,2078
969.618896,2142
971.532532,2120
973.444946,2026
975.35614,2121
977.266235,2046
979.174988,2072
981.082764,2150
982.989136,2253
984.894592,2081
986.798584,2222
988.701599,2303
990.603271,2361
992.503784,2300
994.40332,2283
996.301453,2283
998.198547,2353
1000.09436,2318
1001.989136,2419
1003.882568,2486
1005.775024,2585
1007.666077,2670
1009.556091,2759
1011.444946,2976
1013.33252,3187
1015.219116,3267
1017.10437,3124
1018.988586,3105
1020.871521,2835
1022.753357,2783
1024.633911,2589
1026.513306,2601
1028.391846,2399
1030.268921,2652
1032.14502,2900
1034.019775,3239
1035.893555,3761
1037.766113,3925
1039.637451,4145
1041.507568,4190
1043.376587,4158
1045.244507,3946
1047.11145,3856
1048.976929,3729
1050.841309,3576
1052.704712,3685
1054.566772,3647
1056.427856,3505
1058.287598,3201
1060.146362,3010
1062.003906,3030
1063.860229,2861
1065.715576,2765
1067.56958,2921
1069.422607,3030
1071.274292,3072
1073.125244,3178
1074.974731,3097
1076.822998,3198
1078.670288,3192
1080.516479,3294
1082.36145,3447
1084.2052,3415
1086.047974,3543
1087.889526,3439
1089.72998,3525
1091.569336,3479
1093.407471,3391
1095.244385,3220
1097.080322,3207
1098.915161,3166
1100.748779,3225
1102.581421,3386
1104.412842,3605
1106.243042,3487
1108.072144,3550
1109.900146,3390
1111.727051,3644
1113.552856,3771
1115.377441,4078
1117.20105,4294
1119.02356,4411
1120.844604,4695
1122.664917,4950
1124.483887,5149
1126.301758,5217
1128.118652,4909
1129.934204,4782
1131.748901,4492
1133.562378,4150
1135.374634,3827
1137.185913,3505
1138.995972,3257
1140.804932,3051
1142.612793,2876
1144.419556,2689
1146.225342,2726
1148.030029,2658
1149.833252,2546
1151.635742,2677
1153.43689,2804
1155.237305,2756
1157.036255,3081
1158.833984,3379
1160.631104,3370
1162.426758,3503
1164.221436,3418
1166.014893,3305
1167.807251,3159
1169.598755,3145
1171.389038,2924
1173.178101,2974
1174.966309,2815
1176.753052,2748
1178.538696,2664
1180.323608,2658
1182.1073,2571
1183.890015,2461
1185.671509,2335
1187.451782,2395
1189.231201,2394
1191.009399,2337
1192.786499,2431
1194.562256,2510
1196.33728,2566
1198.111328,2551
1199.884155,2714
1201.655884,2793
1203.426514,2902
1205.195923,2852
1206.964478,2932
1208.731812,3026
1210.498047,2963
1212.263306,2899
1214.027344,2749
1215.790405,2817
1217.552246,2837
1219.313477,2884
1221.07312,2845
1222.831909,2867
1224.589478,3094
1226.346069,3074
1228.101685,3258
1229.856201,3355
1231.609619,3659
1233.361816,3932
1235.113159,4252
1236.863403,4582
1238.612427,4712
1240.360474,4742
1242.107422,4683
1243.853394,4464
1245.598145,4283
1247.342041,3947
1249.084839,3810
1250.826416,3585
1252.566895,3499
1254.306519,3549
1256.045044,3450
1257.782227,3528
1259.518677,3502
1261.254028,3629
1262.988159,3588
1264.721558,3549
1266.453735,3660
1268.184814,3510
1269.914673,3539
1271.643799,3520
1273.37146,3639
1275.098633,3546
1276.824219,3660
1278.549072,3633
1280.272827,3670
1281.995361,3646
1283.717041,3691
1285.437622,3629
1287.157104,3596
1288.87561,3552
1290.59314,3538
1292.309448,3600
1294.02478,3713
1295.738892,3627
1297.452271,3639
1299.164429,3627
1300.875732,3767
1302.585693,3913
1304.2948,3744
1306.003052,3943
1307.709839,3970
1309.415894,3938
1311.12085,3975
1312.824829,3941
1314.52771,3948
1316.229492,3924
1317.93042,4043
1319.630005,4192
1321.328857,4173
1323.026611,4401
1324.723145,4444
1326.418823,4706
1328.113647,4612
1329.807007,4698
1331.499756,4726
1333.191162,4588
1334.881714,4650
1336.571167,4607
1338.259644,4545
1339.947144,4703
1341.633545,4712
1343.31897,4870
1345.003296,5052
1346.686646,5080
1348.368896,5169
1350.050293,5416
1351.730591,5276
1353.40979,5094
1355.088257,5217
1356.765259,5018
1358.44165,4982
1360.116821,4912
1361.791016,5088
1363.464111,4983
1365.13623,5087
1366.807373,5102
1368.477661,5145
1370.146729,5105
1371.814819,5064
1373.482056,5017
1375.148193,5089
1376.813232,4886
1378.477295,4916
1380.140503,4826
1381.80249,4683
1383.463501,4762
1385.123657,4596
1386.782593,4549
1388.440796,4534
1390.097778,4385
1391.753784,4325
1393.408813,4344
1395.062866,4253
1396.715942,4132
1398.368042,4290
1400.019043,4245
1401.669189,4102
1403.318237,4250
1404.966064,4188
1406.613281,4219
1408.259277,4222
1409.904541,4195
1411.548706,4154
1413.19165,4346
1414.83374,4196
1416.474854,4369
1418.114868,4360
1419.754028,4232
1421.392334,4353
1423.029297,4277
1424.665649,4320
1426.300659,4441
1427.934814,4372
1429.568115,4424
1431.200317,4438
1432.831543,4449
1434.461792,4310
1436.091064,4355
1437.719238,4381
1439.346558,4220
1440.9729,4282
1442.598022,4261
1444.222656,4178
1445.845825,4136
1447.468262,4090
1449.089722,4216
1450.710205,4117
1452.32959,4172
1453.948242,4280
1455.565552,4335
1457.182129,4565
1458.797607,4922
1460.412231,5223
1462.026001,5326
1463.638428,5303
1465.250366,5301
1466.860962,5089
1468.470703,4815
1470.079468,4733
1471.687134,4527
1473.294067,4472
1474.899902,4513
1476.504761,4330
1478.108765,4207
1479.71167,4067
1481.313599,3846
1482.914795,3852
1484.514893,3755
1486.113892,3744
1487.712036,3682
1489.309204,3619
1490.905518,3729
1492.500488,3738
1494.094849,3511
1495.688354,3654
1497.280762,3577
1498.87207,3581
1500.462524,3535
1502.052124,3529
1503.640747,3706
1505.228271,3550
1506.814819,3642
1508.400513,3565
1509.985352,3541
1511.569214,3567
1513.151978,3443
1514.733765,3484
1516.314697,3483
1517.894653,3436
1519.473755,3459
1521.052002,3471
1522.629028,3344
1524.2052,3402
1525.780396,3401
1527.35498,3312
1528.927979,3315
1530.500488,3372
1532.072144,3380
1533.642456,3374
1535.212036,3298
1536.780884,3287
1538.348511,3219
1539.915161,3321
1541.480957,3346
1543.045898,3327
1544.609619,3285
1546.172729,3350
1547.734741,3154
1549.296021,3260
1550.856079,3241
1552.415405,3227
1553.973633,3260
1555.531128,3216
1557.087402,3419
1558.642822,3203
1560.197632,3231
1561.751099,3255
1563.303833,3163
1564.855713,3100
1566.406616,3175
1567.956421,3092
1569.505371,3114
1571.053711,3077
1572.600586,2962
1574.146851,3078
1575.692139,3002
1577.236572,3091
1578.779785,3105
1580.322388,2992
1581.864014,3084
1583.404663,2988
1584.944458,2872
1586.483154,3032
1588.02124,3040
1589.557861,3031
1591.093994,2963
1592.629272,2988
1594.163574,2969
1595.696655,2998
1597.229004,3003
1598.76062,2896
1600.291016,2937
1601.820679,2810
1603.349365,2912
1604.877319,2866
1606.403931,2878
1607.930054,2806
1609.4552,2719
1610.97937,2754
1612.502319,2844
1614.02478,2661
1615.546265,2629
1617.066528,2825
1618.586182,2853
1620.10498,2815
1621.622681,2805
1623.139526,2719
1624.655518,2651
1626.170532,2729
1627.684326,2732
1629.197754,2788
1630.710205,2675
1632.22168,2701
1633.731934,2738
1635.241699,2664
1636.750488,2645
1638.258301,2665
1639.765137,2620
1641.271118,2675
1642.776367,2691
1644.280396,2706
1645.783813,2673
1647.286133,2748
1648.787598,2754
1650.287964,2763
1651.787842,2723
1653.286743,2625
1654.784668,2678
1656.281616,2576
1657.777832,2602
1659.273193,2695
1660.767456,2593
1662.260742,2525
1663.753418,2558
1665.245117,2497
1666.73584,2505
1668.225708,2623
1669.714722,2600
1671.202759,2521
1672.689941,2601
1674.176392,2567
1675.661987,2490
1677.14624,2459
1678.630127,2510
1680.112915,2487
1681.594849,2467
1683.075562,2601
1684.555908,2471
1686.035156,2531
1687.513306,2502
1688.990967,2470
1690.467529,2504
1691.943359,2518
1693.418091,2524
1694.891968,2454
1696.365112,2397
1697.837158,2413
1699.308472,2447
1700.779053,2357
1702.248535,2278
1703.717041,2462
1705.184937,2412
1706.651978,2380
1708.118164,2391
1709.583252,2337
1711.047485,2411
1712.510986,2331
1713.973389,2404
1715.435181,2323
1716.896118,2298
1718.356079,2333
1719.814941,2318
1721.273193,2351
1722.730591,2314
1724.186768,2218
1725.642578,2353
1727.09729,2262
1728.55127,2330
1730.004028,2235
1731.456299,2208
1732.907593,2123
1734.358154,2176
1735.807373,2177
1737.256104,2206
1738.703979,2138
1740.150635,2099
1741.596924,2256
1743.042236,2174
1744.486572,2144
1745.929932,2119
1747.372559,2157
1748.814453,2071
1750.255249,2165
1751.69519,2058
1753.134521,2131
1754.572876,1936
1756.010132,2138
1757.446777,2058
1758.882813,2064
1760.317627,2076
1761.751587,2007
1763.184814,1986
1764.61731,1934
1766.048584,1960
1767.479248,1940
1768.90918,1991
1770.338013,1914
1771.765991,1879
1773.193359,1845
1774.619751,1850
1776.045166,1864
1777.469727,1829
1778.893921,1786
1780.31665,1630
1781.738892,1488
1783.160156,1521
1784.580688,1517
1786.000366,1539
1787.418945,1619
1788.837036,1618
1790.254028,1637
1791.670044,1741
1793.085571,1666
1794.500244,1661
1795.91394,1713
1797.326538,1675
1798.738525,1727
1800.14978,1651
1801.560059,1711
1802.969604,1649
1804.378052,1682
1805.786133,1629
1807.192871,1674
1808.599121,1741
1810.004517,1599
1811.409058,1718
1812.812378,1680
1814.215332,1643
1815.61731,1626
1817.018311,1686
1818.418457,1718
1819.818115,1633
1821.216675,1571
1822.614258,1637
1824.011353,1657
1825.407471,1628
1826.802612,1626
1828.197144,1599
1829.590942,1605
1830.983765,1629
1832.375732,1650
1833.766724,1594
1835.157104,1602
1836.546631,1641
1837.935059,1533
1839.322998,1528
1840.710205,1510
1842.096191,1475
1843.481445,1379
1844.866211,1535
1846.249756,1561
1847.632568,1609
1849.014771,1618
1850.395996,1473
1851.776245,1593
1853.155884,1514
1854.53479,1434
1855.912842,1576
1857.289673,1559
1858.666016,1455
1860.041748,1476
1861.416504,1439
1862.790039,1478
1864.163208,1511
1865.535522,1570
1866.906616,1516
1868.277344,1499
1869.647217,1428
1871.016113,1441
1872.384155,1544
1873.751587,1430
1875.118286,1389
1876.484009,1553
1877.848633,1483
1879.212769,1472
1880.576172,1426
1881.938477,1474
1883.300171,1430
1884.661011,1559
1886.021118,1365
1887.380249,1446
1888.738647,1425
1890.096313,1511
1891.452759,1381
1892.808838,1378
1894.164185,1495
1895.518555,1526
1896.871948,1358
1898.224731,1408
1899.576904,1448
1900.927979,1402
1902.278198,1523
1903.627808,1288
1904.976563,1363
1906.324341,1303
1907.671631,1398
1909.017944,1386
1910.363403,1318
1911.708008,1451
1913.052002,1370
1914.395264,1322
1915.737427,1357
1917.078979,1422
1918.4198,1405
1919.759766,1388
1921.098877,1416
1922.437134,1362
1923.77478,1361
1925.11145,1291
1926.447144,1364
1927.782593,1294
1929.116943,1321
1930.450439,1344
1931.783081,1342
1933.115356,1243
1934.446533,1268
1935.776733,1369
1937.106323,1371
1938.435303,1341
1939.763062,1268
1941.090454,1261
1942.416992,1191
1943.742554,1260
1945.067383,1122
1946.391479,1183
1947.714844,1212
1949.037354,1199
1950.359009,1243
1951.679932,1233
1953.000244,1193
1954.319336,1211
1955.638062,1187
1956.955811,1280
1958.272827,1172
1959.588989,1217
1960.904297,1120
1962.218994,1167
1963.532837,1245
1964.845947,1168
1966.158447,1160
1967.469971,1125
1968.780518,1267
1970.090576,1163
1971.39978,1216
1972.70813,1151
1974.015747,1166
1975.322632,1091
1976.628784,1151
1977.933716,1210
1979.238403,1086
1980.542358,1115
1981.845215,1079
1983.147339,1119
1984.448608,1072
1985.749512,1016
1987.049072,1114
1988.348389,1125
1989.646851,1016
1990.944336,1070
1992.240845,1060
1993.536865,1112
1994.832153,1077
1996.126831,1027
1997.42041,1004
1998.713257,1077
2000.005615,916
2001.296631,955
2002.587524,914
2003.877197,1000
2005.166504,952
2006.454346,1078
2007.742065,925
2009.029053,943
2010.314941,900
2011.599976,965
2012.884521,996
2014.168457,973
2015.45105,978
2016.733398,936
2018.014893,863
2019.295532,864
2020.575317,963
2021.85437,977
2023.132935,834
2024.410278,807
2025.687134,1005
2026.963379,817
2028.23877,896
2029.513184,827
2030.786865,888
2032.060303,824
2033.332397,900
2034.603882,844
2035.874634,858
2037.144775,878
2038.413696,864
2039.682495,831
2040.950073,861
2042.217285,864
2043.483276,832
2044.748901,863
2046.013672,863
2047.277466,826
2048.540771,759
2049.803223,836
2051.064941,770
2052.325928,774
2053.586182,787
2054.845459,720
2056.104492,797
2057.362061,846
2058.619385,771
2059.875977,731
2061.131348,673
2062.386475,767
2063.640625,735
2064.894287,725
2066.146973,803
2067.398926,711
2068.650146,795
2069.900391,641
2071.150146,746
2072.39917,752
2073.647705,745
2074.89502,700
2076.141846,645
2077.387695,790
2078.633057,662
2079.877441,740
2081.121338,686
2082.364502,694
2083.606689,682
2084.848145,671
2086.089111,712
2087.329346,721
2088.568359,591
2089.806885,705
2091.044922,650
2092.281738,708
2093.518311,690
2094.75415,721
2095.989014,685
2097.2229,713
2098.456299,724
2099.689453,580
2100.921143,642
2102.152344,604
2103.382813,600
2104.612549,653
2105.841553,614
2107.069824,623
2108.297607,667
2109.52417,722
2110.750244,635
2111.975586,579
2113.200439,642
2114.424072,581
2115.647217,586
2116.869873,626
2118.091553,642
2119.3125,663
2120.532959,595
2121.752441,668
2122.971191,587
2124.189209,605
2125.406494,549
2126.623047,604
2127.838867,648
2129.053955,529
2130.268555,588
2131.482422,532
2132.695313,647
2133.907471,640
2135.119141,601
2136.32959,553
2137.539795,559
2138.749023,602
2139.957764,589
2141.165771,636
2142.372803,521
2143.57959,587
2144.7854,525
2145.98999,509
2147.19458,597
2148.397949,491
2149.60083,580
2150.802979,496
2152.004395,445
2153.205322,583
2154.405273,583
2155.604248,526
2156.802979,543
2158.000732,489
2159.197998,551
2160.394287,555
2161.590088,611
2162.784912,470
2163.979004,587
2165.172852,478
2166.365723,623
2167.557617,534
2168.749023,522
2169.939941,492
2171.129639,484
2172.319092,501
2173.507568,475
2174.695557,499
2175.882568,504
2177.068848,502
2178.254639,518
2179.439453,484
2180.624023,540
2181.807373,613
2182.990234,359
2184.172363,463
2185.354004,459
2186.534668,528
2187.714844,462
2188.894043,538
2190.072998,405
2191.250732,455
2192.427979,512
2193.604248,396
2194.780518,539
2195.955811,447
2197.129639,436
2198.303711,539
2199.476563,493
2200.648926,566
2201.820313,398
2202.991211,512
2204.161621,497
2205.330811,412
2206.499756,420
2207.667725,453
2208.835205,446
2210.001709,440
2211.167969,536
2212.333008,429
2213.497559,417
2214.661621,401
2215.824951,363
2216.987305,401
2218.148926,513
2219.310303,354
2220.470703,474
2221.630371,473
2222.789307,402
2223.94751,391
2225.105225,436
2226.261963,394
2227.418457,398
2228.57373,349
2229.72876,470
2230.882813,446
2232.036133,373
2233.189209,421
2234.341064,450
2235.492432,319
2236.643066,400
2237.793457,474
2238.942383,399
2240.091064,454
2241.239258,397
2242.386475,416
2243.532715,445
2244.678711,532
2245.823975,451
2246.968262,354
2248.112305,428
2249.255371,397
2250.397705,441
2251.539551,446
2252.680664,448
2253.821045,395
2254.960693,524
2256.099365,408
2257.238037,266
2258.375732,424
2259.512451,358
2260.648682,529
2261.78418,355
2262.919434,412
2264.053223,348
2265.187012,375
2266.31958,500
2267.451904,369
2268.583496,401
2269.714111,411
2270.844727,395
2271.973877,500
2273.102539,457
2274.230957,400
2275.35791,438
2276.484619,441
2277.61084,427
2278.736328,381
2279.86084,369
2280.984863,467
2282.108398,362
2283.230957,389
2284.353027,327
2285.474365,338
2286.594971,469
2287.7146,397
2288.833984,379
2289.952881,356
2291.070801,419
2292.187988,381
2293.304688,385
2294.420654,381
2295.535645,404
2296.650146,318
2297.76416,454
2298.877441,415
2299.98999,394
2301.101807,345
2302.213135,447
2303.32373,432
2304.433594,364
2305.542725,428
2306.651367,433
2307.759277,363
2308.866211,301
2309.973145,463
2311.078857,378
2312.183838,346
2313.28833,325
2314.392578,361
2315.495605,487
2316.598145,384
2317.700195,411
2318.80127,314
2319.901855,427
2321.001709,348
2322.101074,319
2323.199707,309
2324.297363,410
2325.394531,261
2326.491211,356
2327.587158,330
2328.682617,336
2329.7771,399
2330.871094,372
2331.964111,328
2333.056641,407
2334.148682,283
2335.240234,411
2336.330566,268
2337.420654,388
2338.51001,393
2339.598389,350
2340.686523,233
2341.773926,356
2342.860596,359
2343.946289,451
2345.031982,441
2346.116455,405
2347.200684,130
2348.28418,321
2349.366943,322
2350.449219,403
2351.530273,325
2352.611328,477
2353.691162,373
2354.770752,423
2355.849365,323
2356.927734,206
2358.005371,337
2359.081787,343
2360.158203,253
2361.233643,328
2362.308838,228
2363.383057,387
2364.456299,358
2365.529785,327
2366.601807,385
2367.673096,371
2368.744385,367
2369.814941,356
2370.884521,408
2371.953613,298
2373.021973,277
2374.089844,256
2375.156982,281
2376.223633,365
2377.289307,331
2378.354248,378
2379.418945,288
2380.482666,298
2381.546143,267
2382.608887,353
2383.670654,280
2384.732178,244
2385.79248,188
2386.852539,293
2387.911865,266
2388.970947,264
2390.028564,308
2391.086182,222
2392.143066,289
2393.199463,331
2394.254639,237
2395.309814,218
2396.364014,249
2397.41748,349
2398.470459,334
2399.522949,306
2400.574707,343
2401.625488,273
2402.676025,235
2403.72583,300
2404.774902,209
2405.823486,295
2406.871338,244
2407.918701,318
2408.965088,188
2410.01123,260
2411.056396,392
2412.101318,266
2413.145264,311
2414.188477,308
2415.231445,298
2416.273438,285
2417.315186,288
2418.355957,163
2419.39624,380
2420.435547,211
2421.474854,379
2422.513428,239
2423.550781,246
2424.588135,347
2425.624756,343
2426.6604,311
2427.695313,280
2428.72998,316
2429.76416,273
2430.797363,333
2431.829834,217
2432.861816,279
2433.893555,281
2434.924072,251
2435.954346,357
2436.984131,287
2438.012939,247
2439.04126,216
2440.068604,379
2441.095947,241
2442.12207,307
2443.148193,183
2444.173096,214
2445.197998,259
2446.22168,248
2447.244873,183
2448.267822,320
2449.289795,320
2450.311035,170
2451.331787,303
2452.352295,233
2453.371582,232
2454.390625,259
2455.408936,296
2456.426758,315
2457.443359,340
2458.459961,363
2459.476074,196
2460.490967,309
2461.505615,196
2462.519775,293
2463.533203,306
2464.545654,320
2465.557861,226
2466.56958,261
2467.580566,181
2468.590332,269
2469.600342,249
2470.609131,90
2471.617676,87
2472.625488,176
2473.632568,178
2474.63916,275
2475.64502,174
2476.650391,321
2477.655029,174
2478.659424,244
2479.662598,216
2480.665771,208
2481.667725,253
2482.669678,348
2483.670898,301
2484.671143,277
2485.671143,229
2486.669922,299
2487.668701,180
2488.666748,345
2489.663818,221
2490.660889,254
2491.657227,202
2492.652588,264
2493.647461,231
2494.641602,237
2495.635498,204
2496.628906,194
2497.621094,261
2498.613281,310
2499.604492,183
2500.594971,201
2501.584961,209
2502.574707,237
2503.563721,145
2504.551758,313
2505.539307,215
2506.526611,208
2507.512939,133
2508.498535,222
2509.484375,173
2510.46875,274
2511.452637,211
2512.436523,219
2513.418945,283
2514.400879,244
2515.382813,163
2516.36377,155
2517.34375,148
2518.324219,88
2519.303223,192
2520.281494,66
2521.26001,126
2522.237305,161
2523.214355,248
2524.190674,177
2525.165771,210
2526.140869,237
2527.115234,280
2528.089111,267
2529.0625,196
2530.034912,173
2531.006836,159
2531.97876,75
2532.949219,235
2533.919189,218
2534.889404,219
2535.858154,266
2536.826904,19
2537.794434,148
2538.761719,140
2539.729004,150
2540.69458,177
2541.659912,138
2542.625,164
2543.589355,173
2544.553223,174
2545.516602,270
2546.47876,172
2547.441406,220
2548.402344,29
2549.362793,148
2550.323242,201
2551.282715,247
2552.241455,135
2553.200195,163
2554.157959,224
2555.114746,164
2556.071777,140
2557.027588,107
2557.983398,302
2558.938232,231
2559.891846,175
2560.846191,251
2561.799072,233
2562.751465,201
2563.703369,123
2564.654541,88
2565.605225,97
2566.555908,103
2567.505127,195
2568.453857,179
2569.403076,143
2570.350342,187
2571.298096,237
2572.244385,202
2573.190186,199
2574.13623,180
2575.080811,209
2576.025146,110
2576.968994,179
2577.912109,57
2578.854492,232
2579.796875,103
2580.738281,130
2581.679199,162
2582.619385,264
2583.558594,71
2584.498291,121
2585.436523,117
2586.374512,158
2587.312012,186
2588.248535,131
2589.18457,173
2590.12085,147
2591.055908,116
2591.990479,52
2592.924316,172
2593.857178,177
2594.790283,125
2595.722412,120
2596.653809,44
2597.585205,91
2598.515625,149
2599.445068,278
2600.374512,232
2601.302979,88
2602.231445,142
2603.158936,185
2604.085938,178
2605.012451,128
2605.938477,39
2606.86377,91
2607.788574,227
2608.712158,158
2609.635742,145
2610.559326,161
2611.481445,137
2612.40332,244
2613.324707,134
2614.245605,197
2615.166016,198
2616.084961,122
2617.003906,16
2617.923096,97
2618.840332,150
2619.757813,210
2620.675049,180
2621.591064,185
2622.506104,136
2623.421387,196
2624.336182,145
2625.250244,184
2626.16333,207
2627.075928,53
2627.98877,156
2628.900146,154
2629.811035,126
2630.72168,135
2631.631592,146
2632.540771,89
2633.449951,180
2634.357666,199
2635.266113,177
2636.173096,114
2637.07959,80
2637.98584,263
2638.891113,58
2639.795898,222
2640.700684,136
2641.604004,74
2642.507324,206
2643.410156,152
2644.312256,193
2645.213623,148
2646.114746,124
2647.015137,238
2647.915527,212
2648.814453,177
2649.713135,225
2650.611816,156
2651.509521,121
2652.406006,103
2653.302979,183
2654.19873,109
2655.094238,240
2655.989014,79
2656.883301,204
2657.777344,157
2658.67041,195
2659.562744,82
2660.455566,124
2661.346436,217
2662.237549,172
2663.128418,200
2664.018066,219
2664.907227,102
2665.796387,162
2666.68457,40
2667.57251,176
2668.459473,166
2669.345703,148
2670.232178,140
2671.117432,209
2672.001953,159
2672.886963,44
2673.770508,34
2674.653564,140
2675.536865,173
2676.418945,87
2677.300293,144
2678.181641,116
2679.062256,113
2679.942383,295
2680.821777,83
2681.700439,145
2682.579346,233
2683.456787,200
2684.333984,137
2685.211182,179
2686.087158,75
2686.962402,133
2687.838135,179
2688.712158,143
2689.58667,111
2690.459961,97
2691.33252,99
2692.205078,109
2693.076904,108
2693.948242,252
2694.819092,143
2695.689209,50
2696.559082,162
2697.428223,140
2698.296875,123
2699.165039,6
2700.032471,136
2700.89917,82
2701.766113,123
2702.631592,95
2703.49707,115
2704.362305,124
2705.226074,91
2706.089844,94
2706.953369,137
2707.815918,56
2708.678223,39
2709.539795,136
2710.400879,209
2711.261719,158
2712.121338,173
2712.980713,170
2713.839844,129
2714.698242,129
2715.555908,188
2716.413574,10
2717.270264,161
2718.126221,134
2718.982422,190
2719.837402,176
2720.692383,40
2721.546387,120
2722.399658,128
2723.253174,143
2724.105469,189
2724.957275,251
2725.809082,183
2726.659912,108
2727.51001,169
2728.360352,190
2729.209473,174
2730.058594,278
2730.906982,92
2731.754395,171
2732.601807,180
2733.448486,177
2734.294678,127
2735.140625,191
2735.985352,48
2736.830078,39
2737.674316,117
2738.517822,151
2739.361328,155
2740.203613,61
2741.04541,227
2741.887207,53
2742.728027,147
2743.568115,91
2744.408691,144
2745.247803,204
2746.086426,206
2746.925293,27
2747.762939,82
2748.599854,41
2749.436768,149
2750.273193,16
2751.109131,-49
2751.944092,155
2752.778809,149
2753.613281,81
2754.446777,120
2755.279541,58
2756.112793,62
2756.944336,120
2757.775879,-13
2758.607422,131
2759.437744,51
2760.267822,88
2761.097412,60
2761.926025,90
2762.755127,43
2763.583008,-11
2764.410156,149
2765.237305,159
2766.063477,91
2766.88916,89
2767.715088,72
2768.540039,9
2769.364258,74
2770.187988,37
2771.011475,41
2771.834229,99
2772.656738,220
2773.477783,114
2774.299805,98
2775.120605,24
2775.940674,106
2776.760498,88
2777.57959,112
2778.398438,115
2779.216797,203
2780.03418,133
2780.852051,65
2781.668701,141
2782.484131,1
2783.300293,168
2784.115479,78
2784.929932,108
2785.744385,113
2786.558105,57
2787.37085,145
2788.184326,53
2788.99585,166
2789.807861,59
2790.618652,170
2791.429443,33
2792.239502,48
2793.049316,154
2793.85791,117
2794.666992,56
2795.474609,58
2796.282471,79
2797.089844,-32
2797.895996,62
2798.702393,140
2799.508057,85
2800.312744,21
2801.11792,129
2801.921875,144
2802.725098,64
2803.528564,119
2804.330811,54
2805.132813,112
2805.934814,42
2806.73584,63
2807.536133,129
2808.33667,93
2809.13623,35
2809.935547,80
2810.733887,21
2811.531738,94
2812.329834,90
2813.126709,187
2813.923096,89
2814.719727,108
2815.515137,-7
2816.310059,132
2817.10498,30
2817.898926,141
2818.692627,108
2819.48584,81
2820.27832,84
2821.070557,107
2821.862549,135
2822.653564,110
2823.44458,10
2824.234375,105
2825.023926,106
2825.813721,82
2826.602051,180
2827.390625,29
2828.178223,143
2828.965332,111
2829.752441,163
2830.538574,164
2831.324219,139
2832.109863,115
2832.894531,97
2833.678467,142
2834.462891,171
2835.24585,76
2836.029297,60
2836.811523,71
2837.593262,95
2838.375,32
2839.155518,80
2839.936035,23
2840.716064,163
2841.49585,109
2842.274414,111
2843.053223,167
2843.831055,118
2844.608398,-25
2845.385986,93
2846.162354,136
2846.938477,150
2847.714355,44
2848.489502,131
2849.263916,93
2850.037842,68
2850.811768,108
2851.585449,88
2852.35791,129
2853.129883,106
2853.901855,135
2854.672852,119
2855.444336,108
2856.214355,94
2856.983887,48
2857.753906,102
2858.522461,120
2859.290771,147
2860.059082,125
2860.826416,89
2861.593018,42
2862.360107,68
2863.125977,189
2863.89209,195
2864.656738,73
2865.421143,73
2866.185547,185
2866.949463,119
2867.712402,140
2868.475586,142
2869.237549,33
2869.999268,78
2870.760498,170
2871.521729,80
2872.281738,-34
2873.041992,179
2873.80127,241
2874.560791,220
2875.318848,161
2876.07666,137
2876.834961,172
2877.591553,211
2878.348633,120
2879.104736,181
2879.860107,178
2880.615234,58
2881.370361,167
2882.124268,207
2882.878662,227
2883.631836,312
2884.384521,308
2885.137451,224
2885.88916,165
2886.640381,420
2887.391602,306
2888.142334,210
2888.89209,302
2889.642334,382
2890.391113,372
2891.140381,436
2891.888184,433
2892.635986,593
2893.383789,472
2894.130371,526
2894.876709,452
2895.623047,524
2896.368408,583
2897.113281,510
2897.858154,559
2898.602051,623
2899.345703,592
2900.089111,612
2900.831787,530
2901.574463,595
2902.316162,540
2903.057129,536
2903.798828,589
2904.538818,611
2905.278809,492
2906.018555,569
2906.757324,501
2907.496094,598
2908.234375,647
2908.972168,685
2909.709717,630
2910.446777,624
2911.182617,764
2911.919189,764